title,description,category,location,address,latitude,longitude,start_date,end_date,poster_image,website_url
페인터즈,"2008년 초연된 페인터즈는 화려한 안무와 라이브 드로잉 및 미디어 아트가 결합한 새로운 개념의 아트 퍼포먼스이다. 페인터즈는 감각적인 어반 댄스, 위트 넘치는 퍼포먼스와 더불어 매 씬 예상을 뒤엎는 반전을 통해 아트 작품이 탄생하는 과정을 드라마틱하게 보여준다. 특히 관객과 함께 작품을 완성해 가는 참여 씬을 반영하여 즐거움과 감동을 넘어 관객과 배우가 함께 예술 감각을 자극하며 지적인 즐거움까지 누릴 수 있는 국내 딱 하나뿐인 공연이다. 또한, 다채로운 조명과 화려한 시각 효과, 박진감 넘치는 음악이 어우러져 더욱 몰입도를 높이며 남녀노소 누구나 쉽게 즐길 수 있도록 구성되어 있어 가족 단위 관객들에게도 큰 사랑을 받고 있다.",concert,서울 중구,서울 중구 정동길 3 경향신문사,37.5681732680976,126.969976113229,44866,46022,https://image.여기유.com/content_festival/2024090216270017252620208125.png,https://www.thepainters.co.kr/
남동 빛의 거리,"남동 빛의 거리는 지역별 특색 있는 경관을 조성하여 다양한 볼거리를 제공하며, 뿐만 아니라 버스킹, 지역예술인 문화공연 등 다양한 즐길거리도 제공하고 있다. 빛의 거리는 지역주민과 관광객들에게 힐링과 삶의 여유를 선사하고 있다.",festival,인천 남동구,"인천광역시 남동구 만수동 1069, 만수3지구",37.441508208359,126.736029111668,45587,46022,https://image.여기유.com/content_festival/2024112913465817328556183956.jpg,
DDP 건축투어,"동대문디자인플라자(DDP)에서 꿈꾸고(Dream), 만들고(Design), 누리는(Play) 공간을 중심으로 ‘DDP 건축투어’를 진행한다. 자하 하디드가 설계한 건축물을 중심으로 DDP가 자리한 동대문 일대의 역사와 의미를 해설사와 함께 살펴보는 무료 프로그램이다. 운영 일정은 화요일부터 일요일까지 상시 운영되며, 매주 월요일과 신정, 설, 추석 당일에는 휴무이다. 운영 시간은 1회차 10:30(한국어), 2회차 13:30(영어), 3회차 15:30(한국어)이다. 투어 장소는 DDP 뮤지엄 1층 투어데스크이며, 소요 시간은 약 60분이다. 참여 대상은 만 13세(중학생) 이상으로, 13세 미만의 경우 보호자 동행이 필수이다. 참여 방법은 온라인 예약과 현장 접수가 가능하다. 온라인 예약은 DDP 홈페이지(https://ddp.or.kr/?menuno=797)를 통해 진행하며, 현장 접수는 잔여석에 한해 투어 시작 10분 전부터 가능하다.",exhibition,서울 중구,서울 중구 을지로 281,37.5680445876689,127.010890355484,45658,46022,https://image.여기유.com/content_festival/2728309401_8ZXVtfwN_b050349f1ff41210e6f70bb722fb73c5287f49c6.jpg,https://ddp.or.kr/?menuno=797
남산봉수의식 등 전통문화행사,"[보신각 시민상설 타종행사]
시민과 함께하는 천년의 종소리! 매일 정오에 타종하는 보신각 시민상설 타종행사는 시민 및 관광객들과 함께하는 참여형 행사이다. 프로그램 체험을 신청하여 체험 가능하며, 가족, 친구, 연인과 함께 타종의 감동을 느껴볼 수 있다. 
※매주 월요일 휴무, 매주 화요일은 외국인 현장 참여 프로그램 실시

[남산 봉수대 봉화의식] 
남산봉수대는 조선시대에 전국의 봉화대에서 올라오는 봉화를 최종적으로 집결해 상황을 도성에 알리는 중요한 통신수단이였다. 남산봉수대에서 남산봉수의식을 관람하며 역사 해설 안내를 들어볼 수 있다. 

[전통문화 공연]
서울 남산타워 팔각정 광장에서 사물놀이 공연 및 전통무예시범을 관람할 수 있다. 이외에도 일일 경점관체험, 일일 봉수꾼 체험과 같은 체험 프로그램도 마련되어있다.",festival,서울 종로구,서울 종로구 종로 54 보신각,37.5697673859634,126.983677617361,45658,46022,https://image.여기유.com/content_festival/2022030809105716466982577067.jpg,https://namsanbongsu.kr/
별빛이 흐르는 정원,"퍼스트가든은 아름다운 조명으로 정원을 장식한 별빛축제를 365일 연중무휴 운영한다. 일몰과 함께 정원 전체에 조명이 켜지면 낮에는 볼 수 없던 색다른 모습의 정원을 관람할 수있다. 자수화단의 환상적인 별빛, 토스카나 광장의 이국적인 별빛, 로즈가든의 정열적인 별빛은 추위로 얼어붙은 겨울밤을 녹이고 로맨틱한 겨울밤 분위기를 자아낸다. '별빛이 흐르는 정원'을 슬로건으로 은하수를 담은 별자리 여행처럼 더 화려하고 볼거리가 많은 정원이 관광객을 맞이하며, 약 2만평 규모의 부지에 정원마다 다른 주제로 사계절의 대표 별자리를 비롯한 다양한 별빛이 지상에 내려앉은 모습을 볼 수 있다. 퍼스트가든 빛축제는 사계절을 담아낸 다양한 별자리 정원 뿐 아니라 생명과 희망을 담은 바오밥나무 별빛 등 각 정원마다 스토리를 담아낸 별빛테마정원과 곳곳마다 별빛황금마차, 별빛캐릭터 등 볼거리와 포토존으로 구성하여 연인과 가족들의 눈을 즐겁게 해줄 예정이다. 퍼스트가든 빛축제는 매년 조명을 보강하며 더욱 화려한 정원을 뽐내고 있다. 그 외에 퍼스트가든은 레스토랑, 웨딩홀, 놀이시설, 체험학습, 기프트샵, 썰매장, 챌린지 코스 등 다양한 편의, 놀이시설을 갖추고 있어 단순한 정원 관람 뿐 아니라 종합테마파크로서의 모습을 갖추고 있다.",festival,경기 파주시,경기 파주시 탑삭골길 260,37.732644532921,126.794974093248,45658,46022,https://image.여기유.com/content_festival/2728294024_sdaBh7Mu_6faafa612ca8fb8c82b9ab0f1c6d57364c32f12e.jpg,https://firstgarden.co.kr/firstgarden
태안 빛축제,"농사꾼들의 투박한 아이디어와 소박한 솜씨로 시작한 태안빛축제가 지금은 연중무휴로 365일 내내 열리고 있다. 충남지역 최초의 화려한 조명, '바다내음 한아름 빛으로 피어나는 추억'이란 주제로 바다와 꽃으로 각인된 태안의 정적인 이미지를 개선하고자 LED 불빛을 이용한 동적인 모습과 야간 볼거리를 제공한다.",festival,충남 태안군,충남 태안군 남면 마검포길 200 네이처월드,36.6151498694315,126.299883612427,45658,46022,https://image.여기유.com/content_festival/2023122214542517032244653806.jpg,http://www.ffestival.co.kr/
광안리 M(Marvelous) 드론 라이트쇼,"""M""은 '놀라운, 경이로운'이라는 뜻의 'Marvelous'를 의미하는 것으로 드론이 뿜어내는 불빛이 부산의 랜드마크인 광안대교의 야경과 어우러져 광안리를 찾는 방문객들에게 경이로움과 신비로움을 선사함을 나타낸다. 매주 토요일 저녁 2회 (동절기 10월~2월, 19시·21시/하절기 3월~9월 20시·22시) 12분 내외로 상연되며 광안리 해변 어디서나 관람이 가능하다. 매주 1,000대의 드론으로 펼쳐지는 상설공연부터 카운트다운·설·추석 등에는 최대 2,500대 규모까지 다양한 규모의 드론쇼가 개최되고 있다.
※ 기상상황 등에 따라 공연 일정 변경 가능",festival,부산 수영구,부산 수영구 광안해변로 219 수영구문화센터,35.1537727634193,129.118519972498,45658,46022,https://image.여기유.com/content_festival/2890390375_4xU6ECbk_d47c582094cba12e90614a7987dce1a1e44eaea1.jpg,https://www.gwangallimdrone.co.kr/
청도 프로방스 빛축제,"1996년 청도 테마랜드로 오픈하였다. 프랑스의 정감있는 프로방스마을을 청도에 그대로 재현하였다. 투명한 햇살 아래 무르익은 포도, 광활하게 펼쳐진 보랏빛의 라벤다, 풍요로운 대자연 속에 독특한 문화와 예술이 살아 숨쉬는 그 곳은 바로 프랑스 남동부 지역의 프로방스 마을이다. 고흐, 세잔, 샤갈, 마티스 등이 사랑한 그 곳, 프로방스 마을로의 로맨틱한 여행과 빛축제를 즐길수 있는 곳이다. 낮에는 100여가지 다양한 포토존과 아기자기한 소품, 예쁜 집들이 여러분을 맞이하고 어둠이 내리면 눈부시게 빛나는 빛 축제로 변신하는 곳이다. 겨울에는 아름다운 빛축제와 산타포토존의 콜라보 컨셉으로 축제가 열리는 곳이다. 청도 프로방스 크리스마스 산타마을 빛축제에서 산타클로스, 루돌프 사슴, 산타요정을 만날수 있다. 아름다게 빛나는 크리스마스 빛축제로 행복하고 설레는 성탄 분위기를 느낄 수 있는 곳이다.",festival,경북 청도군,경북 청도군 화양읍 이슬미로 272-23 청도 프로방스,35.6841011584163,128.718184478287,45668,45991,https://image.여기유.com/content_festival/2890389303_aIzhormy_1c6e820dd13c0544c0d93e5959434bf7d654773c.jpg,https://www.cheongdo-provence.co.kr/03_story_town/photo_land.php
특명 비밀결사의 단원이 되어라,"본 프로그램은 일제강점기 독립운동가인 서동일, 오재영 선생님과 독립운동을 소재로 구성되었다. 체험은 미션활동, 퀴즈활동 등으로 진행된다. 비밀결사 조직하기, 독립군 암호(W-K) 해독, 독립자금 전달 등, 독립운동가가 실제 활동하였던 방식으로 미션을 수행한다. 유관순 묘소(이태원 무연분묘) 등 독립운동가 묘역도 답사한다.",festival,서울 중랑구,서울특별시 중랑구 망우로91길 2 (망우동),37.5989775278216,127.114382844197,45668,46004,https://image.여기유.com/content_festival/2728294182_LbJ0hDXy_25651f6af4ffc11990102fd2e3fb6d4873854d8e.jpg,https://cafe.naver.com/jnsangsang
생생국가유산 중랑구 체험학습 (생생문화재),"본 프로그램은 일제강점기 독립운동가인 서동일, 오재영, 서광조 선생님과 독립운동을 소재로 구성되었다. 망우역사문화공원, 봉수대공원을 중심으로 프로그램이 진행된다. 독립군 암호 쓰기와 해석 등 미션활동, 퀴즈활동이 진행된다. 프로그램의 대상은 '초등학생 또는 유아를 동반한 가족'이다. 최대 30명 참여 가능하다. 망우역사문화공원에서 진행하는 프로그램은 총 2종이다. 비밀결사 조직하기 등, 독립운동가가 실제 활동하였던 방식으로 미션을 수행한다. 독립운동가 묘역도 답사한다. 봉수대공원에서 진행하는 프로그램은 총 2종이다. 여러가지 연락 방법에 대한 체험, 독립운동에서도 사용된 봉수대에 대해서 배운다.",festival,서울 중랑구,서울특별시 중랑구 망우로91길 2,37.5989775278216,127.114382844197,45668,46004,https://image.여기유.com/content_festival/2728294182_LbJ0hDXy_25651f6af4ffc11990102fd2e3fb6d4873854d8e.jpg,https://cafe.naver.com/jnsangsang
서울조각페스티벌,"서울 전역이 거대한 ‘지붕 없는 전시장’으로 변신한다. 서울 도심 곳곳에서 진행되는 다양한 형태의 전시 프로그램과 시민 참여 프로그램으로 시민들은 수준 높은 조각 작품을 일상처럼 누릴 수 있고, 작가들은 미술관의 경계를 넘어 다양한 공간에서 실험적 전시를 선보일 기회를 갖게 된다. 서울 조각상 공모전, 조각페스티벌, 한평조각미술관,민간협력전시,서울아트위크 등 다채로운 프로그램으로 일상 속 다채로운 예술 경험을 선사할 예정이며, 일반적인 전시가 아닌 작품의 감상을 극대화하는 시민 참여 및 공연 등을 통해 예술이 숨쉬는 전시장으로 서울 시민과 만난다.",exhibition,서울 중구,서울 중구 세종대로 110 서울특별시청,37.566370776634,126.977918351844,45705,46022,https://image.여기유.com/content_festival/2728286841_Nl8IPscn_b086e67ca21e3fe42b8a89e8c105095abc913d1f.jpg,https://artinseoul.kr/seoulsculpturefestival/
구팔일 댕댕이 대잔치!,"9.81파크 제주가 펫팸족을 위한 특별한 경험, <구팔일 댕댕이 대잔치!>를 진행한다. <구팔일 댕댕이 대잔치!>는 반려견과 소중한 추억을 만들 수 있는 특별한 축제로 다양한 프로그램이 마련됐다. 축제 기간동안 반려견과 함께하는 레이싱, 보물찾기, 장애물 체험 등으로 구성된 '반려견과 함께 981 패키지'가 진행되며, 반려견을 위한 특별한 식사와 기프트도 준비됐다.
‘킁킁 어드벤처’는 9.81파크의 아름다운 산책로를 따라 진행되는 보물찾기 프로그램으로, 반려견과 함께 애월 바다와 제주 하늘을 감상하며 산책할 수 있다. 본격적인 액티비티에 앞서 스트레스를 해소하고 몸을 풀 수 있는 시간이 될 것으로 기대된다.
반려견과 함께 레이싱을 경험할 수 있는 ‘RACE 981’도 주목할 만하다. 반려견 전용 시트가 장착된 2인승 GR-D를 타고 보호자와 함께 3코스를 주행하는 프로그램으로, 주행 후에는 9.81앱에서 주행 영상과 랩타임을 확인할 수 있다.
반려견의 달리기 실력을 확인할 수 있는 ‘댕댕 레이스’는 리쉬 없이 보호자가 있는 곳까지 전력 질주하는 경기로, 기록된 시간을 랭킹에 등록할 수 있어 참여자들의 경쟁심을 자극할 예정이다. 이와 함께 ‘촉감 레이스’는 온-리쉬 상태에서 보호자와 함께 생소한 촉감과 소리가 나는 바닥 장애물을 통과하는 프로그램으로, 반려견에게 색다른 자극과 즐거움을 선사한다. 댕댕 레이스와 촉감 레이스의 기록 및 영상은 9.81 앱에서 확인할 수 있다.
또한, 반려견과 보호자를 위한 특별한 식사도 마련됐다. 카페 놀로의 레시피로 조리된 반려견 전용 식사(멍트볼 1개+멍푸치노 1잔)와, 제주 식재료를 활용한 보호자용 식사(브로콜리지 식사 1개+음료 1잔)를 제공해 맛과 영양을 모두 고려했다.
참가자들에게는 이니스프리 그린펫클럽 기프트가 제공된다. 물 없이 간편하게 사용할 수 있는 ‘꼼꼼 워터리스 발세정제’를 통해 액티비티 후 반려견의 발을 깨끗하게 관리할 수 있다.
한편, 3월 23일(일)에는 특별한 이벤트가 마련된다. '세계 강아지의 날'을 맞이해 평소 토요일에만 운영되는 '반려견과 함께 981 패키지'가 특별 진행되며, 반려견 행동학 수의사인 설채현 수의사의 특별 세미나도 열린다. 세미나 관련 정보는 추후 업데이트 예정이다.
9.81파크 제주의 <구팔일 댕댕이 대잔치!>는 반려견과 보호자가 함께 특별한 경험을 만들 수 있는 축제로, 참가자들에게 잊지 못할 순간을 선사할 예정이다. 자세한 내용은 9.81파크 공식 홈페이지 및 9.81앱에서 확인할 수 있다.",festival,제주 제주시,제주특별자치도 제주시 애월읍 천덕로 880-24 애월스마트테마파크,33.3901019408173,126.366630862509,45717,46022,https://image.여기유.com/content_festival/2890191764_sX1tuKUb_19cbc1a4fd3450e139a68155a54366f13e4fe90b.png,https://www.981park.com/board/45
대전시립연정국악단 토요국악,"전통음악부터 창작음악까지, 악[樂]ㆍ가[歌]ㆍ무[舞]를 골고루 맛볼 수 있어 보는 내내 지겨울 틈이 없는 대전시립연정국악단의 시그니처 공연 <토요국악>! 단 한 번의 무대에서 전통의 정수를 맛볼 수 있는 무대가 주말마다 펼쳐진다. 매월 둘째 주에는 궁중과 민중에서 행해지던 아름답고 고즈넉하며 흥겨운 전통 국악을! 매월 넷째 주에는 성악, 무용 등 장르를 특화한 프로그램과 새롭게 창작된 흥미로운 국악 등 주제가 있는 프로그램으로 국악의 다양성과 재미를 경험할 수 있다. 매 공연마다 친절한 사회까지 곁들여져 국악에 대한 장벽을 한층 더 낮추어 남녀노소 모두 함께 즐기기에 최적의 공연! 사시사철 변화하는 한밭수목원의 경치와 함께 화평하고 아정한 우리 음악으로 주말의 여유를 만끽해보자.",concert,대전 서구,대전 서구 둔산대로 181 대전시립연정국악원,36.3663412923363,127.389382848178,45724,45983,https://image.여기유.com/content_festival/2890387999_e4obG8BE_41c64b541279d02d80e762ad1cbf62e1cb9d6463.jpg,https://www.daejeon.go.kr/kmusic/kmsPublicPerformanceList.do?searchPblprfrFormClCode=002&menuSeq=6401
금남로 차 없는 거리 '걷자잉',"금남로 차 없는 거리 행사는 광주광역시 동구 금남로에서 매달 1회 열리는 행사이다. 이 축제는 대중교통, 자전거, 보행을 활성화하고 친환경 도시 문화를 확산시키기 위해 기획되었다. 2025년에는 3월부터 12월까지 월 1회 진행된다. 행사에서는 시민들이 자유롭게 걸을 수 있는 환경을 제공하며, 다양한 체험 프로그램과 문화 공연이 함께 운영된다. 특히, 개막 행사에서는 자전거 퍼레이드가 포함된다. 이 행사는 대중교통과 친환경 이동 수단의 장점을 알리고, 보행권의 중요성을 강조하는 데 목적이 있다. 금남로를 중심으로 시민들이 함께 소통하며 즐길 수 있는 도심 속 문화 축제이다.",festival,광주 동구,광주 동구 금남로 245 전일빌딩,35.148358093992,126.918730053407,45724,46022,https://image.여기유.com/content_festival/2728309585_azMNkGTb_3e4d8cf446357e91063324a5c71e0df9eeb2362d.jpg,https://blog.naver.com/sso6526/223756391097
문화가 있는 날 청춘마이크 충청권,"관객과 예술가의 소통과 공감을 이끄는 공간을 구성한다. 다양한 예술 장르가 결합하여 참여 예술가들이 예술의 경계를 넘나드는 매력적인 공연을 선보일 것이며, 주민들의 삶에 에너지를 채워주고 색다른 감동과 재미를 주는 경험될 것이다.",concert,대전 유성구,대전 유성구 유성대로740번길 46,36.3595053582051,127.335906702085,45741,45991,https://image.여기유.com/content_festival/2728313276_uxJAwpsQ_44a72a0a94e9e2cc6095aa6ddcd4a9b01395147e.jpg,https://blog.naver.com/dccc2018
문화가 있는 날 청춘마이크 수도강원권,"청춘마이크 수도·강원권은 청춘마이크 아티스트 '무지개추적단'과 함께 다양한 관객의 취향을 추적하며 방방곡곡을 누빈다. 매 달 문화가 있는 날 주간, 음악 / 전통예술 / 무용 / 마술 등 다 장르의 42팀 아티스트와 함께 서울, 인천, 경기, 강원 각지의 일상 공간과 문화가 필요한 곳을 찾아간다. 누군가에겐 허황된 말, 누군가에겐 희망, 꿈, 성공, 이뤄지고 말 미래 같은 다양한 가치를 추적하며 다양한 지역의 관객과 함께하는 공연 속에서 다채로운 취향과 멋진 가치를 찾는 이번 여정에 함께할 수 있다.",concert,서울 서초구,서울특별시 서초구 반포동 649-1 반포한강공원 달빛광장 등,37.5122267690369,126.9978154308,45742,45991,https://image.여기유.com/content_festival/2890390266_KrnE4lOs_2cf46346ab099f5850969252c5f74fbcddd02700.jpg,https://sideways-evening-869.notion.site/1a39815976c480798ec8e75c0a85dd9f
문화가 있는 날 실버마이크 <전라·제주 권역>,"올해 실버마이크 전라/제주권역은 전 세대에게 삶의 메시지를 제공하고, 모두가 어울릴 수 있는 교류의 장을 만들기 위한 거리 공연으로 운영된다. 단순히 공연 실력을 뽐내는 자리가 아니라, 그들의 이야기와 열정을 담아 인생에서 가장 빛나는 순간을 지역민과 공유하기 위해 기획된 공연이다. ‘무대 위에 핀, 우리들의 이야기’는 사회가 정한 은퇴에 휘둘리지 않고 나를 표현할 수 있는 최고의 명장면을 만들기 위한 공연 프로젝트이다. 실버예술가의 과거와 현재, 그리고 미래를 담은 일대기가 공연을 통해 지역민에게 전파되는 과정 속에서 무대를 통해 실버 예술가들은 인생에 새로운 의미를 더해 문화적 주체로서 삶을 완성시키고, 관객은 문화와 감동이 있는 삶을 찾게 되는 것을 지향한다. 누구나 겪었을, 누구나 겪게 될 각자의 이야기와 지역의 정서가 버무려진 실버마이크를 통해 전라/제주권역 직주 근접지역 곳곳에서 다채로운 음악과 퍼포먼스를 선뵈는 실버예술가를 만날볼 수 있다.",concert,광주 남구,광주 남구 덕남길 7,35.0994196252406,126.895914495106,45742,46022,https://image.여기유.com/content_festival/2890389220_qRzXBph7_0c5dab90310d65d8735daab4b86a5cace14f0587.jpg,https://blog.naver.com/sso6526
청춘마이크 전라제주 청춘퍼레이드,"2025 청춘마이크 전라제주 <청춘퍼레이드>는 단순히 공연의 연속이 아닌, 문화적 교류와 축제의 장을 열어가는 여정이다. 전라권과 제주권의 청년예술가와 지역 주민이 함께 만들어가는 참여형 축제로 함께하는 모든이에게 문화의 활력을 불어넣고, 연결과 소통의 장을 만들어가는 소중한 기회가 될 것이다.",concert,전북 전주시,전북특별자치도 전주시 덕진구 세병로 177-44 세병공원(대로변) 공중화장실,35.8785439504034,127.128566814952,45745,45991,https://image.여기유.com/content_festival/2728309368_Yl4iGIpL_14d94bff185fe7615febbc3aacbcf15760481125.jpg,https://blog.naver.com/ymic-j
APAP 작품투어,"안양시는 2005년부터 안양공공예술프로젝트(Anyang Public  Art Project, 이하 APAP)를 통해 도시의 아름다운 숲과 하천, 일상생활 공간, 도로변 등에 공공예술작품을 설치하여 도시 전체를 지붕 없는 미술관으로 만들고 있다. 는 안양예술공원과 평촌 지역의 아름다운 숲과 하천, 도심 속 공원과 일상 공원을 작품해설사와 함께 걸으며 2005년부터 시작한 APAP의 1~7회까지의 공공예술작품을 감상하는 투어 프로그램이다. 안양의 역사와 도시문화를 품은 미술, 조각, 건축, 디자인, 퍼포먼스 등 다양한 공공예술작품 이야기를 전달한다.",exhibition,경기 안양시,경기 안양시 만안구 예술공원로 180 안양파빌리온,37.4194648286771,126.925640360355,45749,45991,https://image.여기유.com/content_festival/2890389065_fo7NukZJ_37ae5634dbe0fb4178bd5171ff942d6469b7420d.jpg,https://ayac.or.kr/base/contents/view?contentsNo=9&menuLevel=3&menuNo=9
광무대 목요풍류,"광무대 목요풍류 서울시 동대문 종합시장 내 전통공연창작마루에서 열리는 상설공연으로 4월~12월 매주 목요일, 한국의 순수 전통공연예술 무대를 선보인다. 멋스럽게 계절을 타고 넘던 옛 조상들의 소리와 몸짓을 통해 옛 화랑의 풍류를 쫓아본다. 서울 도심, 흥인지문과 낙산 성곽이 보이는 공연장에서 펼쳐지는 기악, 성악, 무용, 연희 등 한국의 순수 전통공연예술 무대 매주 색다른 광무대만의 풍류로 여러분을 초대한다.",concert,서울 종로구,서울 종로구 종로 272 동대문종합시장 신관,37.5708187075358,127.008091407146,45750,46016,https://image.여기유.com/content_festival/2025032811090717431277470092.jpg,http://www.kotpa.org/
한강역사탐방,"한강역사탐방' 프로그램은 한강 경관 및 역사·문화자원을 감상·공유하는 매력적인 관광해설과 교육을 제공하여 시민 및 관광객에게 한강변을 체험·감상 한다. 또한 체험활동 등 시민들이 능동적으로 참여하고 직접 경험할 수 있는 다양한 콘텐츠를 개발하여 일상 속에서 즐기는 한강 역사문화를 활성화하고자 한다. 탐방객은 정해진 코스를 따라 한강 유역 및 인근 문화유산을 거닐며 한강해설사의 해설을 듣는다. 한강역사탐방은 총 16개 코스로 운영되며, 탐방객은 해당 코스를 거닐며 해당 코스와 관련된 한강의 역사를 탐방할 수 있다.",festival,서울 영등포구,서울 영등포구 여의동로 330 한강공원 여의도 안내센터,37.5263474738219,126.933595431713,45751,45991,https://여기유.com/data/editor/2503/20250331115835_ad99a1096c1ba487d732d432cd3ac01e_tsge.png,http://visit-hangang.seoul.kr/
부산국제매직페스티벌,"부산국제매직페스티벌은 2006년부터 시작되어 문화콘텐츠 산업의 떠오르는 블루오션인 ‘매직’을 테마로 한 국내 100만 매직 매니아의 꿈의 축제인 국내 유일 세계 최대 규모의 마술 페스티벌이다. 올해 20주년을 맞은 제20회 부산국제매직페스티벌에는 매직 판타지아, 매직컨벤션, 제7회 매직버스킹, 크리스마스특집 매직갈라쇼 등 다양한 행사들이 준비되어있다.",festival,부산 동구,부산 동구 자성로133번길 16 시민회관,35.1388463833799,129.065223979676,45759,46005,https://image.여기유.com/content_festival/2890388095_sF1NrRQt_677e0657817a01b7d667d00fb3cfbb56782d80c7.jpg,https://www.hibimf.org/
2025 대한민국 임시정부기념관 토크콘서트,"대한민국임시정부수립기념일 계기로 진행된 4월 13일 토크콘서트, 다음으로 전주국제영화제 기간에 전주시 중부비젼센터에서 찾아가는 토크콘서트가 진행되었다. 이번 광복 80주년 광복절을 계기로 진행되는 토크콘서트는 <1945년, 8월의 어느 날>라는 주제로 2025년 8월 9일 토요일 오후 2시에 국립대한민국임시정부기념관 B1 의정원홀에서 진행된다. 출연진은 정치학자 김지윤 박사와 이화여대 사학과 정병준 교수로 독립운동가들의 활동과 한반도를 둘러싼 국제정세를 통해 80년 전 역사의 현장을 조명해본다. 이후 11월 15일에는 11.17 순국선열의 날 계기 <임정의 열두 달>을 주제로 김재원 교수와 역사유튜버 이영과 함께 임시정부의 기념일을 토크콘서트를 통해 알아보는 시간을 가진다. 총 4번에 걸친 토크콘서트는 각 주제에 맞 사전이벤트와 공연, 부대행사, 기념품을 제공한다.",concert,서울 서대문구,서울특별시 서대문구 통일로 279-24 (현저동),37.5759997348249,126.954417321379,45760,45976,https://image.여기유.com/content_festival/2728309618_u9FTQmeB_c84445ea462009a63463aa47204798edaf582e73.jpg,https://www.nmkpg.go.kr/
2025 한국민속촌 야간개장,"2025 한국민속촌 야간개장은 2025년 4월 19일부터 11월 9일까지 진행되는 행사이다. 이번 야간개장은 미디어아트가 융합된 초대형 전통 예술공연 ‘연분’을 비롯해 ‘혈안식귀’, ‘살귀옥’, ‘조선살인수사’ 등 다양한 테마 이벤트로 구성되어 있다. 특히 2025년 7월 25일부터 8월 24일까지는 매일 밤 24시까지 운영되는 ‘심야공포촌’이 오픈된다. 심야공포촌은 ‘끝나지 않을 여름 밤’을 콘셉트로 조선시대 마을 전체를 귀신으로 가득 채운 공포마을로 재구성한 콘텐츠이다. 해당 기간 동안 방문객은 전통 마을을 무대로 한 공포 체험을 즐길 수 있으며, 한국민속촌 특유의 역사적 배경과 현대적 연출이 결합된 색다른 야간 콘텐츠를 경험할 수 있다. 이번 야간개장과 심야공포촌은 전통과 현대를 접목한 복합 문화 체험으로 기획되었다.",festival,경기 용인시,경기 용인시 기흥구 민속촌로 90 한국민속촌,37.2591318929712,127.122543088887,45766,45970,https://image.여기유.com/content_festival/2890390376_2kbKsLQd_bfc08c5966c81ea4978a13285c1046e4f99a9d6b.jpg,https://www.koreanfolk.co.kr/
서울거리공연 구석구석 라이브,"서울거리공연 구석구석라이브는 서울 전역 50곳의 장소에서 진행되는 거리 공연이다. 문화 예술을 통해 시민들에게 일상의 이벤트를 선사하고, 다양한 문화공연 향유 기회를 확대하기 위해 진행되며 공개 모집을 통해 선발된 150팀의 아티스트들이 11월 말까지 서울의 다양한 장소에서 공연을 진행한다.",concert,서울 중구,서울 중구 세종대로 110 서울특별시청,37.566370776634,126.977918351844,45768,46021,https://image.여기유.com/content_festival/2728313171_jmVUzY6T_c56c441a2c7e92cd68a9272d45c80d07c5186958.jpg,https://seoulbusking.com/
쏙쏙들이페스티벌,"“무대를 속속들이 들여다보며, 공연예술의 감성을 쏙쏙 맛본다!” 국립극장 무대예술지원센터 “쏙쏙들이페스티벌”은 연극, 무용, 오페라, 클래식, 뮤지컬, 전통연희까지 장르 불문, 공연예술의 “진짜”매력을 담은 다채로운 공연이벤트가 있는 공연예술 축제이다. 무대용품의 전문 보존관리와 대여를 비롯하여 체험형 전시, 공연이벤트를 제공하는 파주에 위치한 공연예술 전문 문화공간, 국립극장 무대예술지원센터에서 4월부터 12월까지 진행되며, 총 네 번의 시즌동안 각각 새로운 테마로 구성되어 매월 2,4주 토요일 오후 2시 실내공연과, 봄과 가을 두번의 야외광장 축제공연이 펼쳐진다. 무대와 객석의 경계를 허문 색다른 체험형 공연, ‘보는 공연’을 넘어 관객과 함께 만들어가는 특별한 무대 속으로 초대한다.",festival,경기 파주시,경기 파주시 탄현면 헤이리로 16,37.7832518687741,126.694683244405,45773,46018,https://image.여기유.com/content_festival/2890389045_ZINrXQEG_bd2eaba3143d7daa23cd9e105fbba54c4e26adb2.jpg,https://www.ntok.go.kr/sasc
라온페스타,"충장로 상권을 활성화 하기 위해 여러가지 프로그램을 운영함으로써 상권활성화에 기여한다. 모든 연령층이 어울려 즐길 수 있는 다양한 행사프로그램이 준비되어 있는 축제이다. 개막식 당일에는 전문 코스튬 퍼포먼스 팀과 시민들이 함께 참여하는 '라온 코스튬 카니발'이 도깨비 골목과 충장로 우체국을 중심으로 펼쳐진다. 또 이틀간 감성 캠핑 콘셉트의 펍과 DJ 공연 등으로 즐길 거리를 준비했으며 골목 곳곳에서는 7개 장소를 순회하는 '충장 미션 어드벤처', 플리마켓, 장기자랑 대회 등도 마련됐다.",festival,광주 동구,광주 동구 충장로 94 충장로우체국,35.1474235264676,126.91694835998,45773,46022,https://image.여기유.com/content_festival/2728309379_h3y07eSr_d7800a1fb570107948cac8ec3e27c26e04f8c805.png,
9.81파크 <그래비티 퀘스트 제주>,"9.81파크 제주는 제주관광공사와 함께 제주의 자연을 무대로 한 퀘스트형 페스티벌 <그래비티 퀘스트 제주 2025>를 개최한다. 이번 축제는 제주를 방문한 누구나 참여할 수 있으며, 단순한 관광을 넘어 제주 곳곳을 달리고 오르며 완주하는 미션에 도전하고, 그 결과를 기념 배지와 다양한 리워드로 남기는 새로운 개념의 참여형 관광 페스티벌이다. 

참가자는 한라산 백록담, 성산일출봉, 제주환상자전거길, 제주러닝대회, 9.81파크까지 총 다섯 개의 제주 대표 명소를 배경으로 진행되는 ‘그래비티 파이브(Gravity 5)’ 미션에 자유롭게 도전할 수 있으며, 미션 성공 후 9.81파크 앱을 통해 인증서를 등록하면 디지털 배지와 함께 한정판 실물 배지를 무료로 수령할 수 있다. 

또 9.81파크의 PLANET동 옥상에는 탁 트인 제주의 자연을 배경으로 인생샷을 남길 수 있는 포토존이 마련되며, 3층에 위치한 카페 '스페이스제로'에서는 백록담을 바라보며 시원한 음료를 즐길 수 있다. 미션을 완료한 참가자들은 그래비티 퀘스트 전용 포토존이 마련된 ‘스페이스컵’ 에서 인증샷을 남길 수 있고, 인증서를 9.81파크 앱에 업로드한 후 축제에 방문하면 한정판 실물 배지와 액티비티 할인쿠폰, 스페이스컵 할인 쿠폰도 무료로 제공된다. 

특히, 축제 기간 동안에는 노을 지는 한라산을 바라보며 레이싱을 즐길 수 있는 ‘선셋 레이싱’ 프로그램이 운영되며, ‘스페이스컵’에서는 한라산에서의 경험을 집에서도 간직할 수 있도록 ‘981 한라산 키링’과 ‘981 한라산 반다나’, 제주 환상 종주의 뿌듯함을 간직할 수 있는 '981 환상종주 반다나' 등 한정 굿즈도 만나볼 수 있다. 이와 함께 제주 출신 찹쌀 크림 도너츠 브랜드 ‘오나츠’에서는 성산일출봉의 붉은 일출에서 영감을 받은 ‘라즈베리 오나츠’를 선보여 축제의 맛과 재미를 더할 예정이다. 

축제 기간 동안 미션 달성 수에 따라 제주 왕복 항공권, 호텔 숙박권, 9.81파크 패키지 티켓 등 다양한 경품도 제공되며, 모든 미션 인증은 2025년 한 해 동안 유효하다. 미션을 완수한 축제 참가자는 9.81파크 제주 내 ‘스페이스컵’ 공간을 방문해 리워드를 수령할 수 있다. 9.81파크는 이번 축제를 통해 도전과 경험을 중시하는 여행자들이 제주의 자연을 더욱 입체적으로 체험할 수 있도록 색다른 방식의 페스티벌을 이어갈 예정이다.",festival,제주 제주시,제주특별자치도 제주시 애월읍 천덕로 880-24 애월스마트테마파크,33.3901019408173,126.366630862509,45778,46022,https://image.여기유.com/content_festival/2728309683_PxTL5RHf_aa9048d9325cdf6a642693bf48e0498bc4610d7c.png,https://www.981park.com/board/44
공주 페스티벌,"공주 페스티벌은 공주시에서 펼쳐지는 공주(Princess) 컨셉의 야간관광 콘텐츠이다. 제민천 감영길 일대에서 펼쳐지는 공주(Princess)컨셉의 야간 퍼레이드, 야간 플리마켓, 공주들의 이벤트는 계절별 다른 컨셉으로 제민천을 찾아온다. 봄, 여름, 가을, 겨울 사계절을 주제로 펼쳐질 공주들의 페스티벌은 제민천 감영길 일대를 색다르게 물들일 예정이다.",festival,충남 공주시,충남 공주시 봉황로 75 국립공주사대부설중고등학교,36.4527773149588,127.119762743658,45780,45997,https://image.여기유.com/content_festival/2890390112_xtLbmlBJ_f4cca1073cbb0ecdfdf121747da485728a967354.png,
2025 문화가 흐르는 서울광장,"일상에 쉼표가 필요한 시민들을 위한 문화예술 공연<2025 문화가 흐르는 서울광장>이 올해 5월부터 11월까지 약 7개월 간 서울광장에서 진행된다. 대중가요부터 클래식, 발레, EDM까지 다양한 장르의 공연이 매월 테마에 맞게 진행될 예정이다. 공연 일정 및 출연진 등 자세한 내용은 홈페이지와 인스타그램을 통해 공지될 예정이다.",concert,서울 중구,서울 중구 을지로 지하 12 시청광장지하쇼핑센터,37.5655671649856,126.978332859567,45784,45991,https://image.여기유.com/content_festival/2890389211_soLIlF7c_63e54a32ee635924f6252b6650c046eb2718bbba.jpg,https://cultureseoul.co.kr/2025/
종로 어디나 스테이지,"5월 개막축제를 시작으로 종로 곳곳을 찾아가는 종로구 공연문화 정착 프로젝트 <어디나 스테이지> 봄부터 겨울까지 사계절 내내 2025년 종로는 언제나, 누구나 즐길 수 있는 공연 성수기! 수성동계곡과 보신각, 흥인지문공원 등 종로를 대표하는 장소에서 매달 계절별 · 장소별 다채로운 연중 공연이 펼쳐진다!",festival,서울 종로구,서울 종로구 세종대로 175,37.5718478584908,126.976168275947,45785,46005,https://image.여기유.com/content_festival/2025062409321817507251382708.jpg,https://www.jongnofestival.kr/2025/html/?p=0602/
퓨처그라운드 (FUTUREGROUND),"퓨처그라운드는 확장현실(XR) 기술과 스포츠 요소를 결합한 신개념 XR스포츠 체험전시이다. 디지털 기술과 놀이를 결합한 미래형 놀이터로, 관람객이 가상현실 공간에 들어가 직접 몸을 움직이며 즐길 수 있다. 몸이 컨트롤러가 되어 레이저를 피하는 X-RUNNER, 가상현실 축구선수가 되어보는 XR KICKER, 내가 그린 그림이 현실이 되는 라이브 스케치 등 체험형 콘텐츠 16종을 한자리에서 만나볼 수 있다. 현재는 롯데몰 김포공항점과 설악워터피아점 두 곳에서 운영되고 있으며, 자세한 내용과 예매 방법은 퓨처그라운드 공식 홈페이지와 인스타그램, 블로그에서 확인할 수 있다.",exhibition,서울 강서구,서울 강서구 하늘길 지하 77 김포공항역,37.562313207852,126.801278424065,45807,46081,https://image.여기유.com/content_festival/2890389015_4T8fXnFB_4b7dba170ec2b184cdb4e498e7c4f538f33a1b46.png,http://f-ground.com/
2025 경기전 왕과의 산책,"왕과의 산책-탐방편'은 밤의 경기전을 거닐며 사실감 있는 단막극을 보면서 경기전 속 문화유산에 얽힌 역사적 사실을 일깨울 수 있는 역사해설 프로그램이다. 밤의 경기전에서 펼쳐지는 사실감 있는 연극은 마치 시간 여행을 온 것 같은 환상적인 경험을 선사하고, 우리가 국가유산에 대해 알아야 하고 지켜야 하는 이유에 대해서도 새롭게 일깨워 준다. '왕과의 산책-힐링편'은 오프닝을 통해 프로그램의 시작을 알리면 정성껏 차린 다과상이 제공되고, 마음을 울리는 국악 연주(양금)가 이어진다. 잇따라 싱잉볼 소리에만 집중하며 내면을 바라보고 마음을 비우는 명상이 진행된다. 다과상을 즐기는 동시에 국악 · 이야기를 들으며 명상으로 비운 마음을 채우고 오감으로 힐링하는 시간을 제공한다.",exhibition,전북 전주시,전북특별자치도 전주시 완산구 태조로 44 경기전,35.8155189138776,127.150120200082,45822,45976,https://image.여기유.com/content_festival/2728294142_fSJCzGcy_7190a26398715a78ca602e9f93bfd470bc481775.jpg,https://www.instagram.com/culture__art/?hl=ko
K-푸드 페스티벌 넉넉,"""K-푸드 페스티벌 넉넉""은 서울을 대표하는 명소인 광화문광장 인근 세종로고우언에서 진행되는 행사로서 한식의 다채로움과 이색적인 맛을 선보이며 즐거운 시간을 보낼 수 있는 한식 특화 컨셉의 음식 축제이다. 특히 이번 ""K-푸드 페스티벌 넉넉""에는 푸드트럭 참여 규모를 기존 15개팀에서 25개팀으로 대폭 확대하고, 한식메뉴도 8개분야에서 15개분야로 확대하여 운영함으로써, 시민들과 외국인 관광객들에게 다양한 K-푸드를 선보이는 기회가 될 것이다. 또한 참여 상인 확대로 더 많은 소상공인에게 참여 기회를 제공하고 경쟁력 강화에 기회가 주어지는 의미 깊은 행사로 운영 될 예정이다.",festival,서울 종로구,서울 종로구 세종대로 지하 189 세종로지하주차장,37.5734304140493,126.975960388222,45828,46022,https://image.여기유.com/content_festival/2728313096_3WxdkaCT_a2390232182fc5129ad87ec72fb85aabf87dc7c5.png,https://knock-knock.kr/2024/
가평 양떼목장 수국축제,"가평의 아름다운 자연 속에서 펼쳐지는 본 축제는, 활짝 핀 가을 수국의 물결과 사랑스러운 알파카들을 한자리에서 만날 수 있다. 가을의 정취를 가득 담은 수국밭을 거닐며 싱그러움을 만끽하고, 순수하고 귀여운 알파카들에게 직접 먹이를 주거나 함께 사진을 찍으며 잊지 못할 추억을 만들 수 있다. 단순히 꽃과 동물을 감상하는 것을 넘어, 방문객들이 직접 참여하고 즐길 수 있는 다채로운 프로그램들이 마련되어 있다. 수국밭 속 양떼목장에서는 동물들에게 먹이를 주는 체험을 할 수 있으며, 흥미로운 앵무새 공연도 준비되어 있다. 이와 더불어, 사계절 썰매를 무료로 이용하거나 주말에 진행되는 OX 퀴즈에 참여하며 즐거운 시간을 보낼 수 있다. 뿐만 아니라, 프리마켓 등 다양한 소비자 참여형 이벤트가 축제의 활기를 더하고, 맛있는 빵과 음료를 즐길 수 있는 베이커리&카페도 운영되어 풍성한 경험을 제공된다. 자연의 아름다움과 순수한 동물과의 교감이 어우러진 가평 가을 수국&알파카 축제에서 특별하고 행복한 시간을 만들 수 있다.",festival,경기 가평군,경기 가평군 설악면 유명로 1209,37.6438331320123,127.47373651024,45835,45976,https://image.여기유.com/content_festival/2728309279_W8o3eQqJ_bfe19fbb1e487ea00f8c65af0d311e93f1bcb64a.png,
제민천 밤페스타,"7월부터 12월까지 매월 첫째 주 토요일마다 켜지는 제민천의 밤에서는 제민천을 따라 펼쳐지는 다양한 부스, 갤러리, 야간 토크쇼로 제민천 일대를 가득 채울 예정이다. 오직 공주시에서만 맛볼 수 있는 다양한 주류와 음식들로 제민천 부스를 가득 채우고, 낭만과 예술의 거리 제민천 갤러리의 밤을 밝히는 것은 물론, 멋진 야외 강연과 감성 무대로 관광객의 눈과 마음을 채울 예정이다.",festival,충남 공주시,충남 공주시 우체국길 15 공주우체국,36.4547465453025,127.122773470633,45843,45997,https://image.여기유.com/content_festival/2728309679_SY1bCjFW_458d698b667aa8f1c0591abec1015b9a234baddb.jpg,
2025 서귀포 원도심 문화페스티벌,"2025 서귀포 원도심 문화페스티벌’은 서귀포 이중섭로에서 펼쳐지는 야간 문화공연이다. 화려한 조명 아래 음악, 댄스, 퍼포먼스 등 다양한 장르의 공연이 관객들들에게 다양한 볼거리를 제공한다. 일상에서 벗어나 예술과 여유가 어우러진 특별한 추억을 남기고 싶은 이들에게 적극 추천하는 행사이다. ‘2025 서귀포 원도심 문화페스티벌’은 7월 27일부터 매주 목~일요일 저녁 7시에 운영되며, 11월까지 이어진다. 서귀포 원도심의 감성적인 밤, ‘2025 서귀포 원도심 문화페스티벌’이 당신을 기다리고 있다. 단, 기상악화 및 우천시 공연이 취소될 수 있으니 사전에 문의하길 바란다.",festival,제주 서귀포시,제주특별자치도 서귀포시 이중섭로 11,33.2470807983266,126.564458845032,45865,45991,https://image.여기유.com/content_festival/2728309440_7iZVIPxA_5c14fcd63b6bbd1ec0c1b21b39bc5fb5216e41d1.jpg,
국가유산 미디어아트,"국가유산 미디어아트는 전국의 다양한 지역에서 우리 '국가유산'을 소재로 매년 열리는 문화유산 축제로 국가유산청이 주최하고 국가유산진흥원이 주관한다. '2025 국가유산 미디어아트'는 5년차를 맞은 올해에도 최신 ICT 기술을 활용한 다양한 프로그램을 준비하여 여름밤과 가을밤을 아름답게 수놓을 예정이다. 8월 군산에서는 구 군산 세관 본관을 중심으로 군산의 근대 문화유산을 미디어아트를 통해 새롭게 조명하며, 진주에서는 진주성의 역사성을 기반으로 미래지향적인 도시를 미디어아트로 구현한다. 9월에는 고령 지산동 고분군, 제주목 관아, 철원 노동당사, 통영 삼도수군통제영에서 각각의 문화유산이 품고 있는 가치와 조형미를 극대화한 콘텐츠를 선보이며, 10월 양산 통도사와 경주 대릉원에서는 과거의 유산이 현재의 삶으로 이어지는 공감각적인 체험을 통해 국가유산을 향유하는 새로운 방식을 제시한다.",exhibition,전북 군산시,전북특별자치도 군산시 해망로 244-7 군산세관,35.9915260600088,126.710610170835,45877,45977,https://image.여기유.com/content_festival/2728309279_Tk6Yremc_692a97b7d2f198ae95fcec8dd322aa5a55e05037.jpg,https://www.kh.or.kr/visit/kor/content.do?key=2501130002
DMZ OPEN 페스티벌,"2025년 DMZ OPEN 페스티벌이 다시 돌아왔다. DMZ OPEN은 닫힌 DMZ의 문을 열어 전문가부터 일반인 모두에게, 학술부터 스포츠, 예술까지 다양한 장르의 오픈을 상징하는 축제이다. 2025년 8월 11일부터 11월 5일까지, 경기도 DMZ에서 진행되며, 주요행사로는 [DMZ 느끼다] 전시·콘서트·국제음악제, [DMZ 생각하다] 포럼, 그리고 [DMZ 걷다] 걷기·마라톤이 준비되어 있다.",festival,경기 파주시,경기 파주시 문산읍 임진각로 148-40 평화누리,37.8920434573143,126.744792858489,45880,45966,https://image.여기유.com/content_festival/2890191798_5elMdRZ8_832d97d0555d6961f37f0b8c000211008f11e5fa.png,https://www.gg.go.kr/dmzopen
한강수계 걷기행사,"2024년에 이어 더 다양한 지역에서 한강과 깊이 연결되는 걷기행사가 서울 여의도, 경기 포천, 경기 가평, 충북 충주, 경기 여주, 강원 춘천, 서울숲 등 한강수계의 주요 거점에서 진행된다. 걷기 행사 참여자에게는 푸짐한 기념품과 완보 뱃지가 제공되고, 각 지역별 코스마다 그곳의 자연과 어우러진 특화 프로그램도 포함되어 있어 다양한 문화체험과 생태적 가치를 직접 경험할 수 있다. 그리고 참여자는 한강수계원정대로서 활동하게 된다. 한강수계원정대는 각 지역의 한강 물길을 따라 걸으며 풍요로운 가을의 분위기를 만끽하고, 한강이 품은 생태적 가치와 그 소중함을 사진과 영상으로 기록해 SNS를 통해 널리 알리는 임무를 부여받는다. 이는 한강의 아름다움을 확산시키고, 자연을 향한 사회적 관심을 일으키는 또 하나의 실천으로 한강과 함께 지속가능한 미래를 위한 발걸음에 동참할 수 있는 소중한 시간이 될 것이다. 이번 걷기행사는 단순한 이동이 아닌, 자연과 공감하고 행동으로 이어지는 지속가능한 여정이다. 한강의 숨결을 따라 걸으며, 강이 전하는 메시지에 귀를 기울이고 미래를 위한 발걸음을 내딛는 모두의 참여를 기다린다.",festival,서울 영등포구,서울 영등포구 여의동로 330 한강공원 여의도 안내센터,37.5263474738219,126.933595431713,45905,45968,https://image.여기유.com/content_festival/1746382803_15YGA60x_efe4cc775c1e493d34a9db461c213be3ec02395c.jpg,https://shnesquetour.com/hanriverfourseasons2025
엔도어 팝업,"이번 팝업은 “TRACE ROOM 시간을 입는 방”라는 컨셉 아래, 과거와 현재, 그리고 그 사이의 흐름. 엔도어는 이번 시즌, 대비보다 조화, 대결보다 연결을 이야기한다. 모든 룩이 하나의 흐름으로 이어지는 '시간의 보드 위 장면들'을 직접 착용해보고 경험해보세요.",popup,서울 용산구,서울 용산구 이태원로 230 무신사 스페이스 한남,37.5354843640197,126.999283124786,45965,45970,https://dayforyou.com/resources/uploads/573531748_17982979772868668_913397650136909550_n.jpg,https://www.instagram.com/p/DQlqheoE9qi/?img_index=1
구구걸스 팝업스토어,"𝗚𝘂𝗚𝘂𝗴𝗶𝗿𝗹𝘀 𝗮𝗿𝗲 𝗰𝗼𝗺𝗶𝗻𝗴! 구구걸스 팝업 스토어에 초대한다. 🔥오픈🔥 2025. 11. 4 (화) 오후2시 ◾️주최: 구구걸스 주식회사 ◾️협력: GG2갤러리, 구구문화진흥원 𝗢𝗽𝗲𝗻 𝗘𝘃𝗲𝗻𝘁! 오픈날에는 15% Vip 고객 할인 적립 이벤트가 진행된다. 이후에는 Vip 고객에 한해서만 지인까지 15% 동일 적립 해드리오니 많은 관심 부탁드립니다. - 구구걸스 주식회사 법인 설립 기념으로 한국에서 첫 정식 팝업 스토어를 엽니다. 구구걸스는 일본 도쿄 다이칸야마에 오프라인 플래그쉽 스토어가 운영중이다. (일본 〒150-0034 Tokyo, Shibuya, Daikanyamacho, 7−5 ブリルビル 1F) 한국에서는 정식으로 처음 선보이는 팝업 이다.",popup,서울시 성동구,서울시 성동구 서울숲6길 17 지하1층,37.5475565786982,127.043553116715,45965,45997,https://cdn.qshop.ai/13182/gallery/427a1250b34f11f0a6d04f02f677c16c.jpg/resize?v=w1280,https://gg2gallery.qshop.ai/O43Vw
안전가옥 더현대서울 팝업,"장르연회에서 최초로 선보이는 안전가옥 쇼-트 전종 리버시블 커버와 작가와의 만남, 다양한 이벤트까지! 안전가옥을 사랑하고 이야기를 사랑하는 모든 이들이 즐길 수 있는 이상하고 아름다운 장르연회에 독자님들의 많은 관심과 참석 부탁드립니다. ♥️",popup,서울 영등포구,서울 영등포구 여의대로 108 더현대 서울 5층 에픽 서울,37.5251913154781,126.929112756574,45965,45973,https://dayforyou.com/resources/uploads/569176709_18403710058187468_5588149594352391594_n.jpg,https://www.instagram.com/safehouse.kr/
READING PARTY 팝업,"‘리딩파티(Reading Party)’는 책과 향, 시선이 어우러지는 새로운 형태의 독서 경험을 제안한다. 위즈덤하우스, 다산북스, 안전가옥의 다양한 출판 콘텐츠와 함께, 셀바티코의 향, 윤서울의 감각적인 아이웨어가 조화를 이루며 독서의 순간을 다채로운 감각으로 확장한다.",popup,서울특별시 영,서울특별시 영등포구 여의대로 108 더현대 서울 5층 EPIC SEOUL,37.5251913154781,126.929112756574,45965,45973,https://imgprism.ehyundai.com/evntCrdInf/imgPath/202510/27/3d96ba9d-7a21-42df-82af-ca3ed1ae4f82.png,https://www.ehyundai.com/newPortal/SN/SN_0201000.do?evntCrdCd=E4002510439795&branchCd=B00140000&category=#pick
달라또 팝업,"품절대란! 두바이 쫀득쿠키! 쫀득쿠키를 유행시킨 원조, 두바이쫀득쿠키 맛집 달라또가 구리점에 다시 찾아옵니다. 한정수량으로만 판매되는 모찌 치즈케이크와 두바이 쫀득쿠키 SNS 대란 디저트들을 롯데백화점 구리점에서 만나보세요!",popup,경기 구리시,경기도 구리시 경춘로 261 롯데백화점 구리점 B1 팝업행사장,37.6027360022071,127.143796142875,45965,45974,https://minfo.lotteshopping.com/content/news/202510/SNM00000000000489349/20251023170718503_9.gif,https://www.lotteshopping.com/shpgnews/shpgnewsDetail?shpgNewsNo=SNM00000000000489349
크리스마스 마켓 선물공방 팝업,"더현대 대구 6층 크리스마스 ""선물공방""에서 가족을 위한 따뜻하고 소중한 선물을 만나보세요.",popup,대구 중구,대구광역시 중구 달구벌대로 2077 더현대 대구 6층 패밀리스튜디오,35.8666296004242,128.590625718585,45965,46022,https://imgprism.ehyundai.com/derivedImage/fileValue/202510/15/9d0d12ec-dd5b-47d7-8842-4dc59bb3d631_01.jpg,https://www.ehyundai.com/newPortal/SN/SN_0201000.do?evntCrdCd=E4602510439383&branchCd=B00146000&category=#pick
위픽 100권 출간 기념 위픽 팝업,"위픽 작가님들의 사인회부터 위픽 팝업스토어에서 단독 공개되는 <파쇄> 리커버까지! 모든 도서 10% 할인은 물론, 구매 사은품도 준비했답니다. 소장 가치 높은 다양한 굿즈 라인업과 나만의 위픽을 꾸밀 수 있는 체험존도 곧 공개될 예정이다.",popup,서울 영등포구,서울 영등포구 여의대로 108 더현대 서울 5층 에픽서울,37.5251913154781,126.929112756574,45965,45973,https://dayforyou.com/resources/uploads/569510291_1319138750227622_3415670507137879285_n.jpg,https://www.instagram.com/wefic_book/
부드바르 팝업,"𝘽𝙐𝘿𝙑𝘼𝙍 𝙄𝙉 𝙎𝙀𝙊𝙐𝙇 𝘽𝙍𝙀𝙒𝙀𝙍𝙔 서울에서 만나는 체코의 정통 맥주, 부드바르 팝업 행사가 내일부터 시작된다. 체코에서 온 오리지널 라거, 부드바르만의 깊고 매력적인 맛을 서울브루어리의 다양한 맥주, 그리고 페어링 음식과 함께 즐겨보세요! 부드바르 전용잔에 담긴 신선한 생맥주 한 잔과 함께, 마치 체코 현지의 펍에 온 듯한 특별한 분위기를 느껴보시길 바랍니다.",popup,서울 성동구,서울 성동구 연무장길 28-12 서울브루어리 성수,37.5430700244443,127.052284120933,45962,45984,https://dayforyou.com/resources/uploads/573463295_18428882344108988_7623167872042990559_n.jpg,https://www.instagram.com/p/DQd8PPlk2k0/?img_index=1
고어텍스 팝업,"겨울의 시작, 고어텍스 브랜드 따뜻함 연구소(GORE-TEX LABS FOR WARMTH)에서 '더 오래, 더 따뜻하게' 당신을 지켜주는 고어텍스 브랜드의 보온 제품과 고어텍스 소재의 기술력을 직접 경험해 보세요. 이번 팝업은 'KEEP YOU WARMER, LONGER (오래도록 지속되는 따뜻함)'라는 메시지와 함께, 고어텍스 다운 제품의 열 보존 기술력과 올바른 관리 철학을 세 가지 실험실(LABS) 공간을 통해 탐구하는 전시로 구성된다.",popup,서울 성동구,서울 성동구 성수이로18길 43 무신사 스페이스 성수 3,37.5415424792284,127.061951015031,45964,45974,https://dayforyou.com/resources/uploads/573397841_17999692877831423_4057608185476565202_n.jpg,https://www.instagram.com/p/DQlzaSQEicE/
따끈따끈 빛고을 오일장 팝업 IN 홍대,☀️따끈따끈 빛고을 오일장☀️ 광주의 인기 캐릭터들이 서울에 상륙했다! 다양한 굿즈부터 특별한 이벤트까지 다채로운 즐거움이 가득한 오일장에 여러분을 초대한다!,popup,서울 마포구,서울 마포구 와우산로29라길 22 2층 비데이 홍대점,37.5549364625831,126.926734109892,45961,45965,https://dayforyou.com/resources/uploads/572639979_18058928582558950_4209559751775928658_n.jpg,https://www.instagram.com/p/DQaa8vTkw3C/?img_index=1
블랙핑크 팝업 IN 홍대,"𝗕𝗟𝗔𝗖𝗞𝗣𝗜𝗡𝗞 𝗣𝗢𝗣 𝗨𝗣 𝗶𝗻 𝗦𝗘𝗢𝗨𝗟 & 𝗕𝗨𝗦𝗔𝗡 무신사 오프라인 단독 선발매 BLACKPINK IN YOUR AREA! 블랙핑크의 [뛰어(JUMP)] MD LINE-UP과 [BLACKPINK POP UP] MD LINE-UP을 담은 팝업 스토어를 무신사 오프라인 스토어에서 단독 오픈 예정이다.🖤🩷 블랙핑크 멤버들의 초상과 캐릭터를 활용한 포토 티셔츠를 비롯해 후디, 볼캡, 스트링 백팩 등 다양한 패션 아이템은 물론, 팔찌와 키링 등 함께 착용할 수 있는 액세서리까지 취향에 따라 폭넓게 즐길 수 있다.",popup,서울 마포구,서울 마포구 양화로 164 무신사 스토어 홍대,37.5565331423821,126.924060032781,45962,45971,https://dayforyou.com/resources/uploads/571728719_18083722246986679_1862657000131296880_n.jpg,https://www.instagram.com/p/DQYcxs7iTtQ/
쿵야 레스토랑즈 X 구미마을 젤리상점 팝업,"쿵야즈가 턱별히 구미에 떴다! 🍭'쿵야 레스토랑즈 X 구미마을 젤리상점' 팝업스토어 오픈🍭 완주만 해도 쿵야즈 공인 초한정 구미마을 시민권을 증정한다구~?! 게다가 초스페셜한 굿즈, 초럭키한 현장 이벤트, 오직 구미마을에서만 만날 수 있는 한정 콜라보 상품까지! 진짜 초디박 스케일로 준비했으니, 이특별한 기회 놓치지 말어.",popup,경북 구미시,경북 구미시 구미 중앙로 93,36.1284178523684,128.332944053355,45961,45991,https://dayforyou.com/resources/uploads/572770762_18028759847735799_1641508228981785254_n.jpg,https://www.instagram.com/ky_restaurantz/
라퓨클레르 팝업,"전국의 멍냥집사들! 피부에 진심인 라퓨클레르가 성수동 팝업으로 초대할게 누구든지 놀러와 🩵 𝗟𝗔 𝗣𝗘𝗔𝗨 𝗖𝗟𝗔𝗜𝗥𝗘 𝗫 𝗔𝗥𝗧𝗜𝗦𝗧 김현정 한국화가, 토담 작가, 하니오 작가 등 국내 유명 작가들의 단 하나뿐인 한정판 그림 엽서🐶🐱 라퓨클레르X아티스트 콜라보 스페셜 한정판 강아지 • 고양이 엽서를 만날 수 있어요!",popup,서울 성동구,서울 성동구 상원1길 11,37.5449541109258,127.048903499042,45953,45991,https://dayforyou.com/resources/uploads/567414322_17966238629974450_689427752982573530_n.jpg,https://www.instagram.com/p/DQBbnEkAMQv/
Intel Experience Store – HP Day 팝업,"Intel Experience Store – HP Day 🎉 드디어 오늘! HP 브랜드 데이가 오늘 12시부터 시작된다! HP AI PC와 OMEN, HyperX 게이밍 제품들을 다양하게 직접 체험해보세요✨ 오늘 저녁 7시에는 유튜버 나무늘보와 함께하는 특별 이벤트도 준비되어 있으니, 방문하셔서 함께 즐겨보세요~😉",popup,서울 서초구,서울 서초구 강남대로 407 오퍼스407 1층,37.499001814488,127.026591200089,45964,45965,https://dayforyou.com/resources/uploads/574273973_831243092612338_3088795374720298865_n.jpg,https://www.instagram.com/p/DQk65a0Ezwi/?img_index=1
올리브영 퍼펙트 글로우 팝업,💌tvN <퍼펙트 글로우> X 올리브영 POP UP STORE 퍼펙트 글로우 팝업 스토어에 초대한다 뉴욕 맨해튼에 열린 한국식 뷰티숍 '단장(DANJANG)'을 홍대 팝업 스토어에서 직접 만나보세요💄,popup,서울 마포구,서울 마포구 와우산로21길 37 트렌드팟 바이 올리브영 홍대,37.5522793172045,126.921797356875,45962,45984,https://dayforyou.com/resources/uploads/573351645_1464555368368490_4526794241920607159_n.jpg,https://www.instagram.com/p/DQd-FilE3_C/
토니모리 <주토피아> 팝업,"토니모리 <주토피아> 에디션 𝗪𝗘𝗟𝗖𝗢𝗠𝗘 𝗧𝗢 𝗭𝗢𝗢𝗧𝗢𝗣𝗜𝗔 사랑스러움과 유쾌함이 가득한 <주토피아>와 토니모리의 특별한 만남! 팝시클을 닮은 립앤치크부터 미니디스크 쿠션, 도넛 섀도우 팔레트- 그리고 다양한 립 제품과 굿즈까지!",popup,서울 마포구,서울 마포구 홍익로6길 57 올리브영 홍대타운,37.5566180233646,126.924351712061,45962,45990,https://dayforyou.com/resources/uploads/571344759_1222174966611997_1980342170659872081_n.jpg,https://www.instagram.com/p/DQdFNIeCL_g/?img_index=2
해즈빈 호텔 X 애니메이트 콜라보 카페,애니메이션 Hazbin Hotel 팝업이 홍대 애니메이트에 찾아왔습니다 특별한 일러스트가 담긴 드링크와 쿠키를 AK 플라자 홍대점에서 만나보세요,popup,서울 마포구,서울 마포구 양화로 188 애니메이트 홍대점,37.5577458058734,126.926498328277,45954,45986,https://search.pstatic.net/common/?src=https%3A%2F%2Fpostfiles.pstatic.net%2FMjAyNTEwMjFfMjEy%2FMDAxNzYwOTk1MTEwNjY1.iXzGSOt4Z7jX7G0ZC6zFYM7tvOv9B6p3GI7U4Lnaybgg.2zedHGZfSqgyNFWlucBgBvVJWuFC1el3gEzKxQU-SPog.JPEG%2FG3sF_HkXsAEsKsv.jpg%3Ftype%3Dw2,https://x.com/animatecafe_kor/status/1980197304968646673
해브어웨일 팝업,haveawhale POP-UP STORE 해브어웨일의 첫 팝업스토어에 초대한다. 10/31 ~11/11 성수동에서 해브어웨일을 다양한 혜택으로 만나보세요.,popup,서울 성동구,서울 성동구 성수이로7가길 20-1,37.5419339947092,127.055549939168,45961,45972,https://dayforyou.com/resources/uploads/572587799_17908677642252792_8405253425618694628_n.jpg,https://www.instagram.com/p/DQasURXEn46/
키덕투어 in 수원,"국내 최대규모 78평 규모, 백화점 키보드 팝업스토어 10개 브랜드, 150여종 키보드 및 악세사리 전시예정 신제품 선 오픈 체험, 예약판매 진행 브랜드별 할인 및 사은품 이벤트 진행 100% 꽝 없는 뽑기 이벤트 진행",popup,경기 수원시,경기도 수원시 권선구 세화로 134 타임빌라스 수원 1F 센터홀,37.264162726921,126.997385539043,45953,45967,https://dayforyou.com/resources/uploads/568218788_17976374750942353_8245354603882376830_n.heic,https://www.instagram.com/p/DQBTK_0k9-L/?igsh=MW02ZDdoZTB3dDloYQ%3D%3D
남대문달인호떡 팝업,김진호 달인 호떡은 고유의 특별한 비법으로 특제 반죽을 만들어 찰지고 쫄깃한 맛이 일품이다.,popup,경기 의정부,경기도 의정부시 평화로 525 신세계백화점 의정부점 3층 팝업스토어,37.7379562781405,127.0458721684,45961,45967,https://www.shinsegae.com/cms12/SC00010/info/shopping/brndsingle/__icsFiles/afieldfile/2025/10/28/k3zzmrBSjLlH.jpg,https://www.shinsegae.com/shopping/view.do?pageLink=%2Fcms12%2FSC00010%2Finfo%2Fshopping%2Fbrndsingle%2F8250185_4597.txt&contentDtlCd=01&contentId=8250185&mainCd=02&storeCd=SC00010
재닌 얀센 & 카메라타 잘츠부르크 (11.04) [서울],"세계적인 음악축제 잘츠부르크 페스티벌의 주역인 카메라타 잘츠부르크의 연주는 창단 후 70여년 동안 정통 모차르트 사운드라는 평을 받았으며 '모차르트 사운드'는 곧 '카메라타 사운드'라는 수식으로 불리우며 그들만의 전통을 지켜나가고 있다. 11월 4일과 5일 두 차례에 걸쳐 진행되는 이번 내한 무대에서는 멘델스존을 비롯하여 빈 클래식을 대표하는 모차르트, 베토벤, 슈베르트까지 다양한 프로그램들로 가득 채우며 이국으로부터의 귀향이 아닌 본국으로부터의 성찬을 한국팬들에게 선사한다.
카메라타 잘츠부르크의 아티스틱 파트너이자 세계 3대 바이올린 여제로 평가받으며 많은 사랑을 받고있는 재닌 얀센이 모차르트와 멘델스존 바이올린 협주곡의 솔로이스트로 함께한다. 이미 재닌 얀센과 카메라타 잘츠부르크의 조합만으로도 음악애호가들을 설레게 하기에 충분하다. 군더더기 없는 깔끔한 연주와 호흡을 선보일 재닌 얀센과의 카메라타 사운드, 올 가을이 기다려지는 이유이다.",concert,서울 송파구,서울특별시 송파구 올림픽로 300 롯데월드몰 8층 롯데콘서트홀,37.5137129859207,127.104301829165,45965,45965,http://www.kopis.or.kr/upload/pfmPoster/PF_PF268874_250707_135031.gif,https://www.ticketlink.co.kr/product/57123
바리톤 권신영 독창회 [안동],"바리톤 권신영의 목소리로
전하는 인생의 희노애락
'바리톤의 깊은 목소리를 통해 인생의 기쁨과 슬픔, 사랑과 상실.
희망과 절망의 다양한 감정을 가사와 함께 전하는 따뜻하고 감동적인 음악회 각 나라의 언어로 표현되는 다양한 예술가곡들이 관객들에게 감동과 울림을 선사하며, 감동적인 목소리를 통해 인생의 희노애락을 진지하게 전달하고자 한다.
멘토 및 해설 - 테너 권재희
피아노 - 김명화",concert,경북 안동시 ,경상북도 안동시 축제장길 66 (안흥동),36.5594898896898,128.725382183957,45965,45965,http://www.kopis.or.kr/upload/pfmPoster/PF_PF265305_250520_102533.jpg,https://www.ticketlink.co.kr/product/56393
울트라백화점 서울,"울트라백화점은 새로운 소비 문화를 탐구하는 체험형 전시이다.
이효리의 ‘아난다 요가’부터 흥미로운 발명품을 쏟아내는 ‘아이디어 보부상’, 화제의 대전 마스코트 ‘꿈돌이’까지
그간 백화점에서는 만나볼 수 없었던 50 여개의 독창적 브랜드와 실험적 소비 경험을 한자리에서 즐겨보세요!",concert,서울 중구,서울 중구 을지로 281 동대문디자인플라자(DDP) 뮤지엄 전시 2관,37.5680445876689,127.010890355484,45960,46033,https://dayforyou.com/resources/uploads/565014606_18082159574492548_6655208741151117828_n.jpg,https://www.instagram.com/ultra.dept/
"여름과 겨울 사이, 밤하늘 팝업","호이에서 열리는 첫 번째 팝업 전시,
윤치치 작가의 토분과 식물이 함께 어우러진
작은 녹색 피난처로 초대합니다🪴

ㅡ

작가는 곤지암 도자공원에서 식물이 건강하게 자랄 수 있는
‘흙의 환경’을 탐구하며, 토분의 질감과 형태를
섬세한 시선을 담아 작업을 한다.

그중 연리문(連理文) 기법은 서로 다른 흙이 맞닿아
만들어내는 세상에 하나뿐인 무늬로,
이는 작가가 바라본 찰나의 하늘의 색과
계절의 온도를 닮아 있다.

이번 호이에서 열리는 팝업은 윤치치 작가의
연리문 토분을 중심으로, 흙의 질감과 식물의 생명력을
다양한 방식으로 해석한 화분이 함께한다.

흙 속에서, 여름과 겨울 사이의 밤하늘처럼
변화하는 계절의 시간을 만나보세요.",popup,서울 용산구,서울 용산구 한강대로40길 33 4층 호이 HOY,37.5302521644477,126.971197681278,45959,45970,https://dayforyou.com/resources/uploads/569298271_17941704468072340_3987803195635941098_n.jpg,https://www.instagram.com/p/DQJ4bw9AObE/
"김은정 개인전 말, 그림 전시","학고재는 10월 2일(목)부터 11월 8일(토)까지 김은정(b. 1986)의 개인전 《말, 그림》을 연다. 김은정은 날씨와 같은 자연 현상을 매개로 일상에서 경험하는 감정과 사건들을 회화적 언어로 해석해 왔다. 이는 감정과 기억을 환기시키는 하나의 장치로 기능한다.

이번 전시에서 김은정은 언어로는 끝내 발화되지 못하고, 그림으로도 완전히 담기기 어려운 복합적인 생각과 감정, 상상과 감각들을 화면에 수용한다. 화면 속 색채와 형상은 특정 사건이나 경험의 흔적을 간직하면서도, 그것이 기억 속에서 변화하고 겹쳐지는 과정을 고스란히 보여준다.
《말, 그림》을 통해 일상 속에서 마주하는 세계를 김은정의 회화적 태도로 면밀히 들여다 볼 수 있을 것이다.
 ",exhibition,서울 종로구,서울특별시 종로구 삼청로 50 학고재,37.5804654638012,126.980316758246,45932,45969,https://dayforyou.com/resources/uploads/552976376_18480036181075740_7995691423575830981_n.jpg,https://www.instagram.com/p/DO7YQ4akgX6/
서울도시건축비엔날레 2025,"앞으로 펼쳐질 54일간의 여정, 우리는 어떠한 경험을 하게 될까요? 제5회 서울비엔날레와 함께 도시건축의 새로운 이야기를 만나보세요.",concert,서울 종로구,서울 종로구 송현동 48-9 열린송현 녹지광장,37.5765674473787,126.981713719058,45926,45979,https://dayforyou.com/resources/uploads/565189772_18424425637107079_5227484734627557398_n.heic,https://www.instagram.com/p/DPEBAfLAbGC/
시용쥔 개인전 : 불온한 사랑,"아라리오갤러리 서울은 2025년 10월 16일(목)부터 12월 6일(토)까지 시용쥔(b. 1978, 대만) 개인전 《불온한 사랑》을 개최한다.",exhibition,서울 종로구,서울 종로구 율곡로 85 아라리오갤러리,37.5778802427982,126.988514892719,45946,45997,https://dayforyou.com/resources/uploads/563627522_1114727894142718_2582964309859062064_n.jpg,https://www.instagram.com/p/DPp_zu3kf54/
디제잉 & 라이브 드로잉 이벤트,"지하 1층 POP-UP @ICONIC (팝업 앳 아이코닉) 에서
아티스트들이 선보이는 다양한 퍼포먼스를 만나보세요.
✅ 공연정보
1. 디제잉 공연
Team 드랍더비트  11.2(일) / 9(일) / 15(토) / 16(일) / 22(토) / 23(일)
서울 유명 DJ    11.1(토) / 8(토)

2. 라이브 드로잉
릴로 작가가 현장에서 직접 선보이는
빈티지 의류 커스터마이징을 만나보세요.
릴로 작가 10.31(금) - 11.2(일) / 11.7(금) - 11.9(일)",exhibition,충북 청주시 ,충청북도 청주시 흥덕구 직지대로 308 현대백화점 충청점 지하1층 POP-UP @ICONIC,36.6448651780226,127.426560206577,45961,45984,https://imgprism.ehyundai.com/evntCrdInf/imgPath/202510/14/dded5ec6-aac1-4cb6-99a3-d59ff9f0256e.jpg,https://www.ehyundai.com/newPortal/SN/SN_0201000.do?evntCrdCd=E4702510439353&branchCd=B00147000&category=#pick
공예풍:경(工藝風:景) 전시,"서울공예박물관과 서울문화재단이 함께하는 2025 신당창작아케이드 기획전시 《공예풍:경(工藝風:景)》은 신당창작아케이드 16기 입주 예술가 35인이 약 70여 점의 신작을 선보이는 자리이다.

젊은 공예가들의 새로운 바람(風)이 만들어내는 동시대 공예의 풍경(景)을 함께 경험해 보시기 바랍니다.",exhibition,서울 종로구,서울특별시 종로구 율곡로3길 4 서울공예박물관,37.576611194995,126.983261339115,45958,45970,https://dayforyou.com/resources/uploads/568470631_1400833105384953_5407867092033263988_n.jpg,https://www.instagram.com/p/DQQNRd1gN_k/?img_index=1
전지적 독자 시점 : 구원의 마왕전,"전지적 독자 시점 최초의 원화전
이머시브 미디어 영상을 통한
몰입형 미디어 전시

전지적 독자 시점
그 속으로",exhibition,서울 송파구,서울 송파구 올림픽로 240 잠실 롯데월드아이스가든 내 이머시브플랫폼딥,37.5113096112036,127.098141751177,45931,45984,https://dayforyou.com/resources/uploads/544848906_17846885538560627_6912317245218203207_n.jpg,https://www.instagram.com/deep_official_kr/
인세인 박 : 아방가르드는 포기하지 않는다 전시,아라리오갤러리 서울은 2025년 10월 16일(목)부터 12월 6일(토)까지 인세인 박(b. 1980) 개인전 《아방가르드는 포기하지 않는다》를 개최한다.,exhibition,서울 종로구,서울 종로구 율곡로 85 아라리오갤러리,37.5778802427982,126.988514892719,45946,45997,https://dayforyou.com/resources/uploads/558970320_18058623827566673_181612786974968290_n.jpg,https://www.instagram.com/p/DPYdog9kap7/
Lines of EVANGELION (에반게리온展 : 선 ) 전시,「Lines of EVANGELION (에반게리온展 : 선 )」 8월 28일 COMING SOON -티켓 예매 : 오픈 예정,exhibition,서울시 마포구,서울시 마포구 양화로 188 AK PLAZA 홍대 4층,37.5577458058734,126.926498328277,45897,45991,https://dayforyou.com/resources/uploads/503530872_17910565599152230_124240870999110225_n.jpg,https://www.instagram.com/p/DLG1OP4zjkg/
이훈상 작가 - 비밀의 화원 전시,"[갤러리티 x 이훈상 작가 팝업 전시 '비밀의 화원'
자연의 아름다움을 조각으로 피워내는 조각가 이훈상의 특별한 전시가 열립니다. 철재와 색, 그리고 상상으로 만들어진 시들지 않는 정원, 그 안에서 작가의 섬세한 손길과 감성이 살아 숨 쉽니다.",exhibition,경기 화성시,경기도 화성시 동탄역로 160 롯데백화점 동탄점 1F 더 콘란샵 옆 VP존 (페트레이 매장 앞),37.200666359626,127.098203113972,45953,45973,https://minfo.lotteshopping.com/content/news/202510/20251024143631412_6.jpeg,https://www.lotteshopping.com/shpgnews/shpgnewsDetail?shpgNewsNo=SNM00000000000489844
Hotel Floria Check-in with Sanrio characters,"체크인에서 받은 호텔 키를 통해 문을 열면
산리오캐릭터즈가 머문
반짝이는 객실과 정원이 기다리고 있어요",exhibition,서울 영등포구,서울 영등포구 여의도동 국제금융로 10 IFC몰 MPX GALLERY,37.5251775245928,126.924876706923,45849,45976,https://dayforyou.com/resources/uploads/hotelfloria_1_250711.jpg,https://www.instagram.com/p/DLW0TQZhMZ0/?img_index=1
"광복 80주년 기념 «향수(鄕愁), 고향을 그리다»","광복 80년을 맞이하여, 일제강점기 국토의 상실과 재발견, 분단과 전쟁으로 인한 이산, 폐허에서의 생존, 재건의 희망이 새겨진 이 땅의 의미를 되새겨보고자 한다...",exhibition,서울 중구,서울특별시 중구 세종대로 99 덕수궁,37.5660868250943,126.973725785222,45883,45970,,https://www.mmca.go.kr/exhibitions/futureProgressList.do
아니메쥬와 지브리전,"애니메이션의 역사와 
팬들의 열정을 기록해온 ‘아니메쥬’

시대를 초월한 감동을 만들어온 ‘스튜디오 지브리’

두 전설의 시작을 담은 전시가 용산을 찾아옵니다.",exhibition,서울 용산구,서울 용산구 한강대로23길 55 아이파크몰 용산점 6층 팝콘D스퀘어,37.5297718014452,126.964741503485,45814,46075,https://dayforyou.com/resources/uploads/22%EC%BA%A1%EC%B2%98.JPG,https://www.instagram.com/p/DJEC9MvuO6O/
<<백년과 하루: 기억에서 상상으로>>,"문화역서울284는 대한민국의 근현대사를 함께 걸어온
아주 특별한 장소이다.

그 100년의 시간을 기념하며,
《백년과 하루: 기억에서 상상으로》 전시가 열립니다.

이번 전시는 옛 서울역이 품은 100년의 기억을 되새기고,
그 시간을 바탕으로 새로운 미래를 상상하는
예술과 문화의 장이 될 것이다.",exhibition,서울 중구,"서울 중구 통일로 1 문화역 서울 284 전관 1,2층 / 커넥트플레이스 서울역점 야외공간",37.5560408483984,126.971594506836,45930,45991,https://dayforyou.com/resources/uploads/539505456_18519068566015275_3959994556287944467_n.jpg,https://www.instagram.com/culturestationseoul284/
윤종 하이경 2인전 - 시간의 정원,종 하이경 2인전 <시간의 정원> 을 시작한다. 16-18시에는 작가님들과 간단한 다과를 나눌 수 있는 리셉션을 준비하였으니 방문하셔서 시간이 멈춘 듯한 계절의 감각을 느껴 보세요,exhibition,서울 강남구,서울 강남구 언주로146길 9 행담빌딩 1층,37.5200058619527,127.035478669765,45948,45969,https://dayforyou.com/resources/uploads/562591290_18066080405602820_3923911645317267921_n.jpg,https://www.instagram.com/p/DPnvbe2kg1D/
오브젝트 서교점 : 어레터프롬 OSORI STUDIO,"수선이 필요하신 게 있나요? 가을 바람 따라 문을 연 오소리 작업실로 초대한다.
이곳에는 느슨하고 평온한 시간이 흐르고, 오소리 부부의 손길이 담긴 다정함이 곳곳에 머물러 있다. 복잡한 마음을 잠시 내려놓고, 동화 같은 오소리 작업실에서 선선하고 고요한 시간을 느껴 보세요. ",exhibition,서울 마포구,서울 마포구 와우산로35길 13 오브젝트 서교점,37.5557150814061,126.929810541616,45931,45980,https://dayforyou.com/resources/uploads/557105135_18524196511025005_1844664865124977582_n.jpg,https://www.instagram.com/insideobject/
"범준 X 찰스퍼니처, 장미맨숀 : 삶 너머 삶 전시","HAESO에서는 오는 10월 17일부터 11월 9일까지 범준(@beomjunart)과 찰스퍼니처(@chalsfurniture) , 장미맨숀(@rosamansion)의 콜라보 전시, 《삶 너머 삶》을 선보이다.

범준의 회화와 두 브랜드의 가구는 서로의 경계를 넘나들며 예술과 일상이 교차하는 순간을 만들어냅니다. 그림 너머로 가구를, 가구 너머로 그림을 바라보는 경험 속에서 우리는 예술적 삶과 생활 속 예술이 만나는 지점을 마주한다. 이는 ‘삶’이라는 단어가 '산(山)'의 형상을 닮아 있듯 산과 가구의 구조가 겹쳐지는 모습이기도 한다.",exhibition,서울 성동구,서울 성동구 성수이로24길 31 해소,37.5445743819814,127.06170299447,45947,45970,https://dayforyou.com/resources/uploads/558986749_17870957826440544_662684452594456510_n.jpg,https://www.instagram.com/p/DPXisNxASPI/
청끌야 : 청년이 끌리는 밤! 축제,"모두 크리스마스 준비해야지~🔥🎅🏻🍂올가을 대전, 청년이라면 이 축제 놓치면 손해!

📍 10월 31일(금) ~ 11월 16일(일)대전한화생명볼파크 ‘피크닉 필드’에서청년을 위한 초대박 축제,<청끌야> 청년이 끌리는 밤!

낮엔 chill~ ☀️밤엔 hot🔥하게!

🍔 푸드트럭존에서 맛있게,🎮 이색게임존에서 짜릿하게,💌 랜덤매칭존에서 설렘 가득하게,🎤 버스킹존에서 낭만까지!",festival,대전광역시 중구,대전광역시 중구 대종로 373 대전한화생명볼파크 내 피크닉 필드 공원,36.3173370007388,127.428013823451,45961,45977,https://dayforyou.com/resources/uploads/cd232fca-e5bd-41f7-80b6-e031db3558d5.png,https://www.instagram.com/p/DQL40yzkfIy/?img_index=1
드림파크 국화축제,"■ 커피박 점토 활용 키링 만들기
인천서구노인인력개발센터 | 매일 운영 10.23(목) - 11.05(수)

■ 꽃캘리그라피, 꽃팔찌 만들기, 희망메시지 달기
(재)드림파크문화재단 | 매일 운영 10.23(목) - 11.05(수)

■ 나만의 주얼리 만들기
한국주얼리고등학교 | 주말 운영

■ 환경놀이체험
수도권매립지관리공사 | 매일 운영 10.23(목) - 11.05(수)

■ 수도권매립지 현장투어
수도권매립지관리공사 | 주말 운영

■ 국립수산물품질관리원 인천지원(퀴즈이벤트)
국립수산물품질관리원 인천지원 | 10.23(목), 1일간

■ We are Good Neighbors
굿네이버스 | 10.24(금) - 11.02(일), 10일간

■ 아동학대예방 캠페인
인천서구청 외 2개 기관 | 10.23(목) - 10.26(일), 4일간

■ 장애인식개선 응원키링 만들기
인천광역시장애인종합복지관 | 10.30(목) - 11.01(토), 3일간

■ 알약속! 미납수록, 물로 수돗물!
기후에너지환경부 | 10.25(토) - 10.26(일), 2일간

■ 빈용기보증금제도 안내 및 반환체험
자원순환보증금관리센터 | 10.30(목) - 11.02(일), 4일간
 ",festival,인천 서구,인천 서구 자원순환로 170 드림파크 야생화공원,37.5730905963004,126.648113116043,45953,45966,https://dayforyou.com/resources/uploads/1760953334_251023.png,http://www.dreamparkcf.or.kr/sub/board.php?mn=event&fn=setting&gb=hana_board_24&bn=hana_board_24&zest_bn=hana_board_24
거제섬꽃축제,"2006년 거제가을꽃한마당 축제로 시작하여 올해 19회를 맞이한 거제섬꽃축제는 거제시농업개발원의 난지농업 시험장을 기반으로 하여 독창적인 축제모델로 발전시켜 왔으며 꽃과 문화가 어우러지는 종합적인 가을꽃축제로 해양관광지 거제에 걸맞는 꿈, 사랑, 환희의 축제라는 슬로건으로 가을꽃의 향연, 우리농업 둘러보기, 시민과 함께하는 문화공연, 각종 경연대회와 체험행사 등 다양한 테마로 구성되어 있다.",festival,경상남도 거제시,경상남도 거제시 거제면 거제남서로 3577 거제시 농업기술센터(농업개발원),34.8564639115538,128.579186864662,45962,45970,https://kfescdn.visitkorea.or.kr/kfes/upload/contents/db/db23162b-9cf9-4333-a859-17a7f07344c8_18.jpg,https://dayforyou.com/getDetail?scheduleSeq=12912
청남대 가을축제,"청남대 가을제는 2003년 개방이후 매년 충북지역의 가을 대표축제로서 가을 단풍을 비롯해 꽃과 공연, 특별전시회 등 다채로운 볼거리를 선보인다. 축제기간 매일 매일 밴드, 가수 공연, 벨리댄스, 색소폰 연주, 앙상블, 국악 연주,마술 등 문화예술공연 기다리고 있다. 체험행사로는 친환경 체험과 한방체험 등이 있으며 와이너리와 완제품 먹거리도 준비되어 있다. 전시로는 국화분재전시와 목석부작, 바위솔, 수목분재작품이 전시되며 특별전으로 충북미술페스티벌과 대한민국기능전승자회 작품展 등 다양한 전시회도 진행된다.",festival,충청북도 청주시,충청북도 청주시 상당구 문의면 청남대길 646,36.4622489023318,127.490094954363,45955,45970,https://kfescdn.visitkorea.or.kr/kfes/upload/contents/db/dbce423f-aa4a-4df8-b78d-d124c20b518c_12.jpg,https://korean.visitkorea.or.kr/kfes/detail/fstvlDetail.do?fstvlCntntsId=dbce423f-aa4a-4df8-b78d-d124c20b518c&cntntsNm=%EC%B2%AD%EB%82%A8%EB%8C%80%EA%B0%80%EC%9D%84%EC%B6%95%EC%A0%9C
월출산 국화축제,"월출산 국화축제에서 다양한 국화 전시와 함께 짙은 가을의 향기를 만끽할 수 있다. 축제 구역 곳곳에는 아름다운 조형물과 포토존이 마련되어 있으며 입구부터 시작해 주차장, 기념비광장, 야외공연장, 어린이 놀이터까지, 다채로운 볼거리가 가득한 월출산에서 가을의 매력을 느껴볼 수 있다.",festival,전라남도 영암군,전라남도 영암군 영암읍 기찬랜드로 19-10,34.7915677728537,126.685371960776,45960,45977,https://kfescdn.visitkorea.or.kr/kfes/upload/contents/db/1cafbd17-e776-4714-8a6e-b2990ae88a08_10.png,https://korean.visitkorea.or.kr/kfes/detail/fstvlDetail.do?fstvlCntntsId=1cafbd17-e776-4714-8a6e-b2990ae88a08&cntntsNm=%EC%9B%94%EC%B6%9C%EC%82%B0%EA%B5%AD%ED%99%94%EC%B6%95%EC%A0%9C
공공미술 빛조각축제 <노원 달빛산책>,"올해 6회를 맞은 달빛산책은 매년 100만 명 이상이 찾는 공공미술 빛조각축제이다. 10월 17일부터 11월 16일까지 매일 오후 5시 30분부터 밤 10시까지, 당현천 2km 구간이 야외 미술관으로 변신한다. 올해 주제는 모두의 달이며, 달이 가진 보편적 상징성을 통해 개인의 이야기가 공동체의 빛으로 확장되는 과정을 보여준다. 국내외 18팀의 아티스트가 참여해 30여 점의 빛조각과 미디어아트를 선보인다.",festival,서울특별시 노원구,서울특별시 노원구 동일로 1322-70 (상계동),37.6494433661314,127.065687036048,45947,45977,https://kfescdn.visitkorea.or.kr/kfes/upload/contents/db/13641c58-3c7c-4cca-9970-8a6a71491ef5_11.jpg,https://korean.visitkorea.or.kr/kfes/detail/fstvlDetail.do?fstvlCntntsId=13641c58-3c7c-4cca-9970-8a6a71491ef5&cntntsNm=%EA%B3%B5%EA%B3%B5%EB%AF%B8%EC%88%A0%EB%B9%9B%EC%A1%B0%EA%B0%81%EC%B6%95%EC%A0%9C
용마루 숲길 축제,"2025 용마루 숲길 축제는 지역의 자연과 상권, 그리고 시민이 함께 어우러지는 도심 속 힐링 축제다.축제는 2025년 10월 24일(금)부터 11월 9일(일)까지 매주 금·토·일, 총 9회에 걸쳐 용마루길 상권 및 경의선 숲길 일대에서 열린다. “도심 속 나만의 힐링 오아시스!”를 슬로건으로, 버스킹 공연·일일 클래스·거리 퍼포먼스·체험 프로그램 등 다채로운 즐길 거리를 선보인다. 마켓 부스에서는 지역 상인회와 로컬 브랜드가 함께하는 팝업마켓(플리마켓)이 열린다. 관람객은 도심 속 숲길을 거닐며, 용산구 지역 상권과 문화가 공존하는 따뜻한 축제의 풍경 속에서 ‘함께 걷는 일상의 여유와 쉼’을 체험할 수 있다.",festival,서울특별시 용산구,서울특별시 용산구 효창원로55길 8 (용문동),37.5388287828367,126.960565690354,45954,45970,https://kfescdn.visitkorea.or.kr/kfes/upload/contents/db/f07d33e1-591d-4956-af4a-78fff5ca558b_6.jpg,https://korean.visitkorea.or.kr/kfes/detail/fstvlDetail.do?fstvlCntntsId=f07d33e1-591d-4956-af4a-78fff5ca558b&cntntsNm=%EC%9A%A9%EB%A7%88%EB%A3%A8%EC%88%B2%EA%B8%B8%EC%B6%95%EC%A0%9C
마산가고파국화축제,"제25회 마산가고파국화축제가 2025.11.1.~11.9. 9일간 3·15해양누리공원 및 합포수변공원 일원에서 개최된다. 창원(옛 마산)은 우리나라 최초로 국화 상업 재배를 시작해 온화한 기후와 뛰어난 기술력으로 전국 최고 품질의 국화를 생산한다. 2000년부터 이어온 마산국화축제는 푸른 마산 앞바다를 배경으로 화려한 국화 작품을 맘껏 누릴 수 있는 전국 최대 규모 가을꽃 축제로, 매년 개화 기록을 경신하는 다륜대작 ‘천향여심’은 기네스북에도 오른 놓칠 수 없는 축제의 상징이다. 밤바다를 수놓는 불꽃쇼와 드론라이트쇼, 문화예술공연, 국화 인디 뮤직페스타, 치어리딩 공연, 군악대 퍼레이드 등 다채로운 즐길 거리가 기다리고 있으며, 국화체험활동도 운영된다. 창원 대표 음식거리인 마산어시장 아구찜거리와 장어구이거리에서 식도락까지 함께 즐긴다면 완벽한 오감만족 여행이 될 것이다.",festival,경상남도 창원시,경상남도 창원시 마산합포구 월남동1가 46-3 3·15해양누리공원 및 합포수변공원,35.1867301351336,128.563926943162,45962,45970,https://kfescdn.visitkorea.or.kr/kfes/upload/contents/db/f82af127-89d0-4e8a-8d40-61490ee5553f_3.jpg,
백제고도부여국화축제,"제22회 백제고도부여국화축제가 2025년 10월 31일에서 11월 9일까지 10일간 부여의 대표 명소인 궁남지 일원에서 화려하게 펼쳐진다. “국화향 따라, 너와 내가 꽃이 되는 순간”을 주제로 꾸며져, 국화의 아름다움과 백제의 역사·문화가 어우러지는 특별한 시간을 선사한다. 축제장은 국화작품존, 사비존, 판타지존, 서동선화존, 꽃빛향연길, 연꽃존 등 6개의 테마공간으로 나누어져 있어, 다양한 국화 기획 작품들과 금동대향로, 사비문 등 오직 부여에서만 볼 수 있는 국화 조형물들이 다수 전시되어 있다. 이외에도 각종 홍보·판촉, 푸드트럭, 국화 관련 체험 등이 자리 잡고 있어 다채로운 즐길거리와 볼거리가 마련되어 있다.",festival,충청남도 부여군,충청남도 부여군 부여읍 동남리 117,36.2697285379279,126.912216441418,45961,45970,https://kfescdn.visitkorea.or.kr/kfes/upload/contents/db/63d35fa7-b042-484a-b91a-c7bb44ac496f_3.JPG,
대한민국 국향대전,"가을 축제의 대명사 대한민국 국향대전은 이번 2025년 ‘마법의 국향랜드'라는 환상적인 테마를 주제로 진행된다. 국화를 소재로 한 회전목마, 대관람차, 전시컵 등 대형 국화 조형물은 물론, 남녀노소 모두를 위한 다채롭고 새로운 신규 프로그램들이 가득한 국향랜드가 펼쳐진다. 마법같은 이야기가 펼쳐지는 가을, 다양한 먹거리와 기분좋은 국화 향기가 넘실거리는 축제이다.",festival,전라남도 함평군,전라남도 함평군 함평읍 곤재로 27 주제영상관 3층,35.0561270114039,126.519906337065,45954,45970,https://kfescdn.visitkorea.or.kr/kfes/upload/contents/db/7828d5f4-9b6a-42c8-90bb-3ca13479e6a6_3.jpg,https://korean.visitkorea.or.kr/kfes/detail/fstvlDetail.do?fstvlCntntsId=7828d5f4-9b6a-42c8-90bb-3ca13479e6a6&cntntsNm=%EB%8C%80%ED%95%9C%EB%AF%BC%EA%B5%AD%EA%B5%AD%ED%96%A5%EB%8C%80%EC%A0%84
2025 대한민국 우리술 대축제,"2025 대한민국 우리술대축제는 전통주의 가치와 다양성을 널리 알리고 국내외 소비자와의 소통을 강화하기 위해 마련된 국내 최대 규모의 전통주 축제이다. 서울 양재동 aT센터 제1전시관에서 2025년 11월 14일부터 16일까지 3일간 개최되며, 전국 각지의 우수한 전통주를 한자리에서 만날 수 있다. 우리 전통술을 한 자리에서 마주하며 시음·체험·구매를 통해 전통주의 매력을 직접 경험할 수 있다. 또한 전통주를 활용한 다양한 프로그램과 이벤트가 진행되어 누구나 즐길 수 있는 문화 축제의 장을 제공하고자 한다.",festival,서울 서초구,서울 서초구 강남대로 27 aT센터 제1전시장,37.4682787075426,127.039136433366,45975,45977,https://cdn.visitkorea.or.kr/img/call?cmd=VIEW&id=23b9548d-418d-4c8c-8b7d-85ea050821ad,https://thesool.com/front/home/M000000000/index.do
누들대전축제,"누들대전 History
일제강점기 철도 교차점의 배후도시였던 “대전”은 미국의 구호물자인 밀가루가 철도로 운송되면서 밀가루를 활용한 누들(면) 종류 음식이 유명해졌다.

✅  누들대전 Taste
현재 대전에는 365일 내내 들러도 부족할 만큼 이름만 대면 알만한 “유명 누들(면) 맛집”이 무수히 많습니다. 반백년, 2~3대를 잇는 역사와 전통을 고스란히 담은 케미부터 추억의 대전역 가락국수, 젊은 입맛에 맞춰 변형된 트렌디한 누들(면) 종류까지 다양한다.
 ",festival,대전 유성구,대전 유성구 대덕대로 480 엑스포 과학공원한빛탑,36.376625791745,127.38720183152,45968,45970,https://noodle-dj.com/data/member/design/design_2_17600604304282.jpg,https://noodle-dj.com/
하동별맛축제,천편일률적인 지역축제에서 벗어나 하동만의 맛과 멋을 지니고 지역민이 주체가 되어 지역을 대표할 수 있는 음식을 재발굴하고 세상에 하나밖에 없는 하동의 맛으로 미식가들의 입맛을 사로잡기 위한 먹거리 축제를 개최한다. 지난해 성공적으로 첫선을 보인 별맛축제에 많은 관심이 집중된 가운데 올해는 인기 드라마에 등장한 섬진강 재첩국을 비롯해 농민들이 가을걷이 때 먹던 맑은 닭국(타작국) 등 하동에서만 느낄수 있는 특별한 향토 음식을 선보인다. 세상에 하나밖에 없는 숨겨진 보물 하동에서 별 5성급 100가지 맛과 다채로운 공연 등을 즐길 수 있다.,festival,경상남도 하동군,경상남도 하동군 하동읍 비파리 47-14 하동읍 신기로터리 강변공원,35.0594401210526,127.762495612613,45968,45970,https://kfescdn.visitkorea.or.kr/kfes/upload/contents/db/a34cf226-4892-41c4-a15e-3d860d8126cf_22.jpg,https://korean.visitkorea.or.kr/kfes/detail/fstvlDetail.do?fstvlCntntsId=a34cf226-4892-41c4-a15e-3d860d8126cf&cntntsNm=%ED%95%98%EB%8F%99%EB%B3%84%EB%A7%9B%EC%B6%95%EC%A0%9C
구미라면 축제,"국내 유일 도심 속 라면축제가 구미에서 개최된다. 농심 구미공장에서 생산된 갓 튀긴 라면을 현장판매하여 구입할 수 있고, 또한 다양한 이색라면 요리를 맛볼 수 있다. 그 외 라면테마 전시, 체험, 포토존, 무대프로그램, 각종 이벤트 등을 즐길 수 있다.",festival,경상북도 구미시,경상북도 구미시 원평동 124-23 구미역 일원,36.1294025866081,128.331415667997,45968,45970,https://kfescdn.visitkorea.or.kr/kfes/upload/contents/db/5c6f720a-dd3e-4e54-bd2e-0ed7a72147ee_17.jpg,https://korean.visitkorea.or.kr/kfes/detail/fstvlDetail.do?fstvlCntntsId=5c6f720a-dd3e-4e54-bd2e-0ed7a72147ee&cntntsNm=%EA%B5%AC%EB%AF%B8%EB%9D%BC%EB%A9%B4%EC%B6%95%EC%A0%9C
서울숲 20주년 : 스무살의 서울숲,"도심 속 힐링스팟 서울숲이 스무 살이 되었어요!
11월 8일(토)~9일(일) 오전 11시부터 오후 6시까지,
서울숲 가족마당 & 야외무대에서 펼쳐지는 정원 축제 ",festival,서울 성동구,서울 성동구 뚝섬로 273 서울숲 야외무대 & 가족마당,37.5430701468405,127.041799099222,45969,45970,https://dayforyou.com/resources/uploads/573290923_18066144923526512_8553490276766732835_n.jpg,https://www.instagram.com/p/DQdJ9kLkmQX/?img_index=1
부산국제아동도서전,"부산국제아동도서전은 국내 최초의 아동도서전으로서, 어린이 그림책을 소개하고 교류하는 플랫폼이자 전 세계 아동을 위한 책 축제이다. 동아시아 문화콘텐츠 산업의 허브로 자리매김하고 있는 도시 부산을 기반으로 부산국제아동도서전은 아시아를 대표하는 아동 콘텐츠 플랫폼으로 도약하고자 한다. 책을 중심으로 출판사, 작가, 일러스트레이터와 아동 콘텐츠 산업의 관계자들이 모여 경험을 공유하는 교류의 장이자 한국 아동도서를 세계에 소개하는 중요한 무대이다.",festival,부산광역시 해운대구,부산광역시 해운대구 APEC로 55 (우동) 벡스코 제1전시장 3홀,35.1690637154991,129.136018268316,46002,46005,https://kfescdn.visitkorea.or.kr/kfes/upload/contents/db/9d8c7e19-4d02-4945-9a60-ca951faa5a3e_3.jpg,https://korean.visitkorea.or.kr/kfes/detail/fstvlDetail.do?fstvlCntntsId=9d8c7e19-4d02-4945-9a60-ca951faa5a3e&cntntsNm=%EB%B6%80%EC%82%B0%EA%B5%AD%EC%A0%9C%EC%95%84%EB%8F%99%EB%8F%84%EC%84%9C%EC%A0%84
완주 모악산 웰니스 축제,"가을빛이 물드는 완주의 모악산 자락에서, 몸과 마음이 함께 쉬어가는 특별한 시간이 열린다. ‘제3회 모악산 웰니스 축제’는 11월 8일(토)부터 9일(일)까지 이틀간 전북도립미술관 야외광장 일원에서 진행되며 자연 속에서 웰니스(웰빙, 건강, 행복)를 주제로한 다양한 콘텐츠와 먹거리 및 체험 부스 운영, 축하공연 및 지역민 문화예술공연이 기획되어 있다. 도심의 바쁜 일상에서 벗어나, 모악산의 맑은 공기와 따뜻한 햇살 속에서 자신을 돌아보는 시간을 가질 수 있다. 자연이 주는 위로와 여유, 그리고 완주의 따뜻한 정이 여러분을 맞이하는 축제이다.",festival,전북특별자치도 완주군,전북특별자치도 완주군 구이면 모악산길 111-6,35.7277106914281,127.106934327953,45969,45970,https://kfescdn.visitkorea.or.kr/kfes/upload/contents/db/eb2f888b-7922-4345-b902-1b515904bc7e_27.jpg,https://korean.visitkorea.or.kr/kfes/detail/fstvlDetail.do?fstvlCntntsId=eb2f888b-7922-4345-b902-1b515904bc7e&cntntsNm=%EC%99%84%EC%A3%BC%EB%AA%A8%EC%95%85%EC%82%B0%EC%9B%B0%EB%8B%88%EC%8A%A4%EC%B6%95
안흥찐빵축제,"제17회 안흥찐빵축제가 11월 7일부터 11월 9일까지 3일간 횡성군 안흥면 안흥찐빵모락모락마을 일원에서 개최된다. 따뜻하고 흥겨운 안흥 멋에 빠지고 달콤하고 정겨운 찐빵 맛에 반하는 이번 축제는 더 뜨겁게, 더 달콤하게를 주제로 안흥찐빵의 따뜻함과 달콤함을 맛볼 수 있다. 다양한 볼거리, 먹거리, 체험을 준비하였으며 작년에 큰 호응을 얻었던 90년대 컨셉의 토요일, 토요일은 가수다 2회차를 준비했으니 기대해 주길 바란다.",festival,강원특별자치도 횡성군,강원특별자치도 횡성군 안흥면 주천강로 1868,37.4096593219149,128.155566693685,45968,45970,https://kfescdn.visitkorea.or.kr/kfes/upload/contents/db/fc26911f-c3e8-40d6-9f5a-6604f735aa25_3.jpg,https://korean.visitkorea.or.kr/kfes/detail/fstvlDetail.do?fstvlCntntsId=fc26911f-c3e8-40d6-9f5a-6604f735aa25&cntntsNm=%EC%95%88%ED%9D%A5%EC%B0%90%EB%B9%B5%EC%B6%95%EC%A0%9C
파주장단콩축제,"제29회 파주장단콩축제는 ""청정파주, 장단맞춰 알콩달콩""이라는 주제로 다양한 장단삼백, 알콩달콩, 놀콩, 살콩 4가지 테마로 구성되어있다. 장단삼백 테마는 장단콩 전시관 및 파주장단콩을 판매하는 전문판매장으로 생산이력제로 관리된 파주장단콩의 정체성을 보여준다. 알콩달콩 테마는 파주농산물을 활용한 가공품과 장단콩으로 만든 즉석두부 판매, 파주시 시민단체가 운영하는 향토음식 판매점을 운영한다. 놀콩테마는 남녀노소 다양한 연령층이 참여하는 꼬마메주만들기, 콩타작체험 뿐만 아니라 장단콩튀기 체험, 김치만들기 체험 등 다양한 유·무료 체험프로그램을 운영한다. 살콩 테마는 농업인이 직접 생산한 농산물을 판매하는 '재래장터'운영을 통해 파주농산물의 품질 보증 및 신뢰성을 안겨준다.",festival,경기도 파주시,경기도 파주시 문산읍 임진각로 177,37.8895387555879,126.740185879932,45982,45984,https://kfescdn.visitkorea.or.kr/kfes/upload/contents/db/df232b09-4b0e-4950-999d-d6a6b9d97304_3.jpg,https://korean.visitkorea.or.kr/kfes/detail/fstvlDetail.do?fstvlCntntsId=df232b09-4b0e-4950-999d-d6a6b9d97304&cntntsNm=%ED%8C%8C%EC%A3%BC%EC%9E%A5%EB%8B%A8%EC%BD%A9%EC%B6%95%EC%A0%9C
최남단 방어 축제+94:94B9391:10189:10184:101B9391:10183:101B9391:10182:101B9391:10181:101B9391:1017991:101,"최남단방어축제는 제주 서귀포시 대정읍 모슬포항 일대에서 가을~겨울철에 열리는 문화 축제로, 물살이 거칠기로 소문난 제주도 최남단 가파도, 마라도 해상에서 어획하는 지역 특산물인 방어를 중심으로 다양한 체험과 문화 행사가 펼쳐지는 대한민국 최대 해양축제이다.",festival,제주특별자치도 서귀포시,제주특별자치도 서귀포시 대정읍 하모리 2135,33.2159613611802,126.25217073288,45981,45984,https://kfescdn.visitkorea.or.kr/kfes/upload/contents/db/a1177b14-604c-44e4-9577-b802902397c6_3.png,https://korean.visitkorea.or.kr/kfes/detail/fstvlDetail.do?fstvlCntntsId=a1177b14-604c-44e4-9577-b802902397c6&cntntsNm=%EC%B5%9C%EB%82%A8%EB%8B%A8%EB%B0%A9%EC%96%B4%EC%B6%95%EC%A0%9C
